noun	frequency
son	1235
man	762
men	696
ulysses	531
house	530
ships	516
gods	419
spear	417
father	400
hand	353
people	341
hands	328
way	318
horses	308
sea	303
ship	294
city	286
one	255
ground	250
armour	248
day	240
suitors	235
body	233
heart	232
battle	231
head	226
time	216
others	205
mother	199
sons	197
side	195
god	191
chariot	181
death	175
fight	168
daughter	166
end	157
eyes	157
shield	157
wine	157
fire	155
nothing	155
wife	154
land	153
place	151
water	151
women	149
night	145
wall	142
blood	135
king	132
words	129
bronze	127
country	126
feet	123
river	121
earth	120
wind	120
bow	119
mind	117
host	115
life	113
goddess	112
home	112
friends	111
gold	108
things	106
woman	105
town	102
strength	101
bed	99
sheep	99
sword	97
child	96
room	94
fleet	92
husband	92
arrow	91
seat	90
sun	90
cry	86
gates	86
helmet	86
comrades	85
front	85
morning	84
shoulders	84
spears	83
face	82
foot	81
part	81
servants	81
war	81
fighting	80
fear	79
rest	79
sorrow	79
honour	78
whereon	75
darkness	74
days	74
comrade	73
anger	72
matter	72
none	72
point	72
sleep	72
moment	70
dust	69
brother	67
children	67
island	67
voice	67
name	66
counsel	65
knees	65
lord	65
middle	65
shore	65
stranger	65
arms	64
friend	64
tears	64
hold	63
top	62
work	62
board	61
servant	61
stone	61
will	61
world	61
cattle	60
glory	60
mountain	60
light	59
waters	59
fury	58
ranks	58
swineherd	57
court	56
dogs	56
everything	56
master	56
neck	56
word	56
tent	54
heroes	53
lion	53
meat	53
return	53
hero	52
hither	52
immortals	52
peace	51
destruction	50
field	50
maids	50
shirt	50
shoulder	50
something	50
back	49
chest	49
waves	49
assembly	48
cloud	48
cup	48
dinner	48
presents	48
thing	48
victory	48
achilles	47
bones	47
grief	47
kind	47
telemachus	47
tents	47
chariots	46
crew	46
door	46
pieces	46
anything	45
clothes	45
course	45
fellow	45
might	45
offerings	45
princes	45
prize	45
trouble	45
cave	44
force	44
hair	44
iron	44
prayer	44
sight	44
wives	44
years	44
arrows	43
bread	43
gifts	43
goats	43
supper	43
care	42
parents	42
places	42
table	42
trench	42
truth	42
cloister	41
fate	41
wood	41
wound	41
stream	40
winds	40
cloak	39
horse	39
plain	39
silver	39
year	39
courage	38
daughters	38
mischief	38
rock	38
saying	38
walls	38
council	37
doors	37
girl	37
rage	37
round	37
seats	37
speed	37
boar	36
hector	36
shields	36
spite	36
story	36
age	35
captain	35
flesh	35
flight	35
hearts	35
mules	35
present	35
race	35
reins	35
skin	35
steeds	35
tree	35
breast	34
forthwith	34
manner	34
orders	34
pigs	34
pity	34
sacrifice	34
wealth	34
meal	33
pain	33
voyage	33
aim	32
mankind	32
mouth	32
offering	32
allies	31
forest	31
knight	31
oxen	31
ransom	31
sir	31
store	31
air	30
case	30
cities	30
guest	30
heads	30
hounds	30
news	30
number	30
oath	30
property	30
soul	30
times	30
while	30
beauty	29
bodies	29
bowl	29
mountains	29
peer	29
piece	29
rocks	29
thought	29
warriors	29
answer	28
belly	28
charge	28
clouds	28
combat	28
evil	28
help	28
lot	28
person	28
toil	28
doom	27
estate	27
limbs	27
panic	27
revenge	27
thigh	27
tramp	27
triumph	27
waggon	27
brothers	26
flocks	26
haste	26
heifer	26
mast	26
pair	26
presence	26
sake	26
shepherd	26
sound	26
stones	26
cover	25
crowd	25
foe	25
ghosts	25
harm	25
hope	25
love	25
message	25
post	25
reason	25
sign	25
threshold	25
warrior	25
arm	24
bird	24
chieftains	24
ear	24
feast	24
ghost	24
hide	24
midst	24
shame	24
trees	24
turn	24
valour	24
whip	24
breath	23
ears	23
fat	23
fool	23
likeness	23
loss	23
respect	23
space	23
spirit	23
stand	23
treasure	23
understanding	23
wave	23
youth	23
bard	22
barley	22
blow	22
captains	22
company	22
counsels	22
dismay	22
eye	22
flames	22
form	22
guests	22
harbour	22
hosts	22
hour	22
line	22
lyre	22
minds	22
mortals	22
oil	22
purpose	22
pyre	22
quarrel	22
queen	22
raft	22
sails	22
share	22
sorrows	22
squire	22
ways	22
yoke	22
yourselves	22
birds	21
chiefs	21
cloisters	21
corn	21
distress	21
dream	21
drink	21
goddesses	21
hecatombs	21
judgement	21
lambs	21
lightning	21
meriones	21
oak	21
ones	21
order	21
prizes	21
prowess	21
sail	21
speech	21
strangers	21
sweat	21
tongue	21
uproar	21
vultures	21
weeping	21
absence	20
argives	20
banks	20
bone	20
bosom	20
car	20
charioteer	20
dawn	20
driver	20
enemy	20
family	20
folly	20
heavens	20
heed	20
law	20
marriage	20
means	20
meats	20
right	20
sceptre	20
spring	20
tale	20
thrice	20
trojans	20
youths	20
aegis-	19
banquet	19
couch	19
cuirass	19
daybreak	19
fill	19
food	19
lands	19
length	19
luck	19
nurse	19
nymphs	19
questions	19
rain	19
staff	19
temple	19
vessel	19
abundance	18
bull	18
councillors	18
coward	18
creature	18
cups	18
deed	18
deeds	18
eagle	18
earthquake	18
kings	18
leader	18
linen	18
messenger	18
monster	18
oars	18
pleasure	18
power	18
pride	18
raiment	18
smoke	18
soldiers	18
spoils	18
tower	18
trial	18
axes	17
bath	17
beach	17
chase	17
chief	17
cloaks	17
corpses	17
darts	17
favour	17
flock	17
floor	17
fray	17
girdle	17
insolence	17
jaws	17
joy	17
kinds	17
labour	17
mistress	17
prayers	17
quarter	17
road	17
sandals	17
sides	17
sire	17
spits	17
thick	17
woe	17
account	16
barrow	16
belt	16
camp	16
confusion	16
crest	16
defence	16
desire	16
followers	16
funeral	16
guardian	16
hospitality	16
leaves	16
legs	16
lives	16
morrow	16
pursuit	16
rags	16
rank	16
robe	16
seas	16
self	16
service	16
shirts	16
song	16
stockman	16
thunder	16
tripod	16
use	16
wrong	16
ajax	15
altar	15
archer	15
band	15
bowls	15
bronze-	15
command	15
descendant	15
foes	15
gate	15
goodwill	15
guard	15
havoc	15
heralds	15
journey	15
lineage	15
lions	15
mares	15
mercy	15
ox	15
posts	15
rate	15
reach	15
rites	15
rout	15
ruin	15
silence	15
skill	15
slayer	15
soldier	15
stern	15
teeth	15
veil	15
weight	15
wounds	15
array	14
coming	14
cows	14
danger	14
distance	14
escort	14
herd	14
herds	14
horsemen	14
mark	14
noise	14
onset	14
priest	14
ram	14
rim	14
roof	14
savage	14
shod	14
shout	14
sky	14
string	14
thereon	14
weapons	14
wedding	14
wing	14
abode	13
arts	13
birth	13
business	13
champion	13
comfort	13
companies	13
companions	13
contest	13
cries	13
displeasure	13
ends	13
fall	13
fame	13
flame	13
goat	13
hardship	13
helmets	13
horse-	13
lips	13
livelong	13
mantle	13
midway	13
mist	13
money	13
need	13
numbers	13
omen	13
palace	13
press	13
prophet	13
ring	13
ruler	13
sailors	13
singing	13
slumber	13
storm	13
suffering	13
summits	13
thence	13
thither	13
watch	13
wolves	13
yard	13
aegis	12
bastard	12
battalions	12
battlements	12
being	12
benches	12
blade	12
burden	12
chance	12
cheeks	12
compassion	12
covenant	12
crests	12
dead	12
dread	12
fishes	12
fountain	12
gatehouse	12
gleam	12
hecatomb	12
ill-	12
leaders	12
loom	12
mainland	12
milk	12
moon	12
nymph	12
olive	12
plenty	12
question	12
salt	12
sense	12
shelter	12
shepherds	12
spoil	12
springs	12
station	12
stature	12
suppliant	12
swords	12
throat	12
weapon	12
yards	12
ambrosia	11
applause	11
bands	11
bidding	11
boy	11
breastplate	11
cauldron	11
chamber	11
dart	11
ease	11
enemies	11
figure	11
forehead	11
garden	11
gift	11
grass	11
guide	11
half	11
horns	11
houses	11
hurt	11
hut	11
islands	11
lament	11
limb	11
many-	11
matters	11
mortal	11
omens	11
prisoner	11
rivers	11
rugs	11
safety	11
satisfaction	11
signs	11
silver-	11
single-	11
summer	11
tables	11
talents	11
thighs	11
tomb	11
troubles	11
vineyard	11
wand	11
yesterday	11
advice	10
art	10
ashes	10
bank	10
beginning	10
blows	10
bottom	10
brains	10
cause	10
counsellor	10
counsellors	10
couple	10
creatures	10
directions	10
dress	10
effect	10
ewes	10
firmament	10
footstool	10
forces	10
foremost	10
fruit	10
gale	10
grove	10
hearth	10
heat	10
knowledge	10
lamentation	10
layers	10
left	10
level	10
liking	10
look-	10
maidens	10
meeting	10
mell	10
misfortunes	10
moan	10
months	10
multitude	10
neighbour	10
nestor	10
nipple	10
oaths	10
offspring	10
portion	10
prey	10
promise	10
quiver	10
roots	10
sacrifices	10
sand	10
sands	10
seer	10
sigh	10
snow	10
soil	10
star	10
streams	10
substance	10
them--	10
throng	10
tin	10
tongues	10
vain	10
victims	10
voices	10
wheel	10
wheels	10
wool	10
wretch	10
wrist	10
yonder	10
aldermen	9
axe	9
bade	9
ball	9
bay	9
behalf	9
bier	9
blast	9
boon	9
bulls	9
dance	9
deal	9
dear	9
deck	9
depths	9
dog	9
doorway	9
dreams	9
evening	9
falcon	9
farm	9
fathers	9
fault	9
fawn	9
fields	9
gateway	9
gore	9
grapes	9
hawsers	9
henceforward	9
hill	9
honey	9
instructions	9
ivory	9
kinsmen	9
lies	9
lots	9
lust	9
mare	9
memory	9
messengers	9
mound	9
nostrils	9
ocean	9
peak	9
perish	9
plan	9
pole	9
protection	9
quantity	9
quarters	9
rear	9
runner	9
season	9
sincerity	9
sister	9
sisters	9
stakes	9
sterns	9
talk	9
throne	9
to-	9
tops	9
urn	9
visit	9
wallet	9
want	9
watches	9
winter	9
wit	9
workmanship	9
agony	8
ambuscade	8
army	8
attack	8
basket	8
beam	8
beard	8
beasts	8
beds	8
boars	8
bows	8
brow	8
cauldrons	8
check	8
conversation	8
courtyard	8
covenants	8
darling	8
difficulty	8
din	8
disaster	8
doings	8
earnest	8
elders	8
endurance	8
entrails	8
fellows	8
fighters	8
firewood	8
fleece	8
flower	8
foam	8
fortune	8
goods	8
grace	8
headland	8
herald	8
herb	8
herbs	8
hides	8
homestead	8
homeward	8
hurricane	8
issue	8
javelin	8
laertes	8
lair	8
liver	8
manes	8
meadows	8
mightiest	8
mine	8
month	8
mouths	8
music	8
nectar	8
nights	8
ox-	8
passion	8
path	8
pine	8
plant	8
plot	8
plumes	8
possessions	8
rebuke	8
scales	8
scar	8
secret	8
senses	8
sin	8
sort	8
squires	8
stag	8
stock	8
suit	8
suppers	8
suppliants	8
tear	8
temples	8
teucer	8
torches	8
tripods	8
turmoil	8
whirlwind	8
wings	8
ashen	7
bane	7
bargain	7
baskets	7
beast	7
beggar	7
bitterness	7
blasts	7
boot	7
bore	7
brunt	7
calypso	7
chains	7
choice	7
coast	7
colour	7
cowards	7
deer	7
disgrace	7
dishonour	7
dues	7
elbow	7
embrace	7
embraces	7
everybody	7
ewer	7
fancy	7
flies	7
garment	7
geese	7
hand--	7
handmaids	7
happiness	7
heaviness	7
heel	7
heifers	7
heights	7
hercules	7
homes	7
horn	7
hound	7
humour	7
hunger	7
infant	7
jars	7
kids	7
knee	7
lead	7
living	7
locks	7
lotus	7
me--	7
meadow	7
meantime	7
measure	7
metal	7
notice	7
one--	7
parts	7
passage	7
pavement	7
peg	7
pillar	7
plate	7
portent	7
portions	7
prince	7
provisions	7
renown	7
savour	7
serpent	7
shaft	7
sinews	7
slaughter	7
snake	7
sorts	7
speeches	7
sport	7
talons	7
terror	7
thanks	7
thongs	7
thousands	7
throw	7
trusty	7
two-	7
violence	7
wait	7
wheat	7
whence	7
whole	7
wickedness	7
wits	7
wooing	7
aid	6
aloof	6
ambush	6
basin	6
beggars	6
begotten	6
behests	6
bellows	6
blame	6
brain	6
break	6
bringer	6
bulwark	6
champions	6
chieftain	6
chin	6
circle	6
clasps	6
corslet	6
cost	6
courts	6
cowardice	6
cunning	6
dancing	6
direction	6
disposition	6
doves	6
drivers	6
edge	6
erinyes	6
esquire	6
fashion	6
feats	6
fierceness	6
fig	6
fine	6
fires	6
fish	6
flood	6
flowers	6
foals	6
fold	6
gear	6
generations	6
greatness	6
greaves	6
hail	6
haven	6
headlands	6
heap	6
heaven--	6
hole	6
hoofs	6
horrid	6
idea	6
intent	6
it--	6
joint	6
keel	6
kinsman	6
labours	6
leather	6
leave	6
lid	6
mansions	6
masters	6
match	6
mess	6
mettle	6
mightier	6
misery	6
mother--	6
needlework	6
neighbours	6
nobody	6
oar	6
opinion	6
orestes	6
orion	6
pages	6
pall	6
peers	6
pig	6
plight	6
quest	6
rays	6
root	6
rudder	6
rule	6
saving	6
scabbard	6
seals	6
search	6
seashore	6
semblance	6
sentinels	6
shaker	6
slopes	6
splendour	6
sports	6
spot	6
stars	6
sthenelus	6
strap	6
stress	6
sum	6
task	6
taste	6
thicket	6
timber	6
tomorrow	6
tribes	6
vengeance	6
virtue	6
watchfires	6
web	6
wilderness	6
witness	6
workman	6
accord	5
advantage	5
adventures	5
afflictions	5
amends	5
another--	5
anyone	5
appearance	5
ash	5
attention	5
autumn	5
awe	5
axle	5
baths	5
beams	5
blankets	5
blaze	5
bloom	5
bolt	5
bonds	5
boughs	5
bowels	5
boxer	5
breasts	5
bride	5
brine	5
bristles	5
brows	5
brushwood	5
bush	5
carpenter	5
cast	5
chain	5
chests	5
citadel	5
citizens	5
city--	5
cloth	5
converse	5
corner	5
courses	5
coverlets	5
cow	5
cubits	5
cyanus	5
dancers	5
dearest	5
delay	5
dell	5
descent	5
despair	5
dew	5
dinners	5
disc	5
distaff	5
dolops	5
doubt	5
driving	5
duties	5
duty	5
earth-	5
embers	5
eyebrows	5
eyelids	5
feasting	5
feasts	5
feeling	5
fence	5
fierce	5
filth	5
flank	5
fortress	5
friendship	5
future	5
glades	5
goatherd	5
gold-	5
grain	5
grandson	5
groaning	5
guile	5
handle	5
head--	5
heart--	5
heaven-	5
helm	5
helper	5
herdsman	5
herdsmen	5
high-	5
highways	5
hind	5
housekeeper	5
hurry	5
ill	5
ills	5
iris	5
javelins	5
jaw	5
lake	5
language	5
lay	5
leg	5
lock	5
loin	5
mane	5
manhood	5
mansion	5
masts	5
meaning	5
measures	5
merry	5
midriff	5
misfortune	5
monument	5
mood	5
mourning	5
murderer	5
nation	5
necks	5
note	5
oarsmen	5
oracles	5
oxhide	5
pangs	5
payment	5
pear	5
peoples	5
pestilence	5
plans	5
plates	5
poplar	5
proof	5
purple	5
races	5
rafters	5
range	5
rescue	5
riches	5
roar	5
roast	5
robes	5
ropes	5
running	5
sailing	5
savages	5
scatheless	5
sea-	5
seed	5
set	5
shafts	5
skins	5
slackness	5
slain	5
slave	5
somebody	5
speaker	5
spray	5
spurs	5
standing	5
state	5
stratagem	5
sufferings	5
support	5
surprise	5
tendons	5
thirst	5
thunderbolts	5
timbers	5
torch	5
torrent	5
torrents	5
tramps	5
treasures	5
trick	5
valiant	5
van	5
vault	5
victor	5
vines	5
vision	5
vow	5
war-	5
wash	5
waste	5
wax	5
wayfarer	5
wear	5
weather	5
well	5
whirlpool	5
witnesses	5
wrath	5
accomplishments	4
acropolis	4
admiration	4
affliction	4
alarm	4
anvil	4
archers	4
ascends	4
attendant	4
baby	4
bellies	4
bids	4
boasting	4
bolts	4
bond	4
bondage	4
bondsmen	4
bound	4
branches	4
brave	4
braziers	4
breeze	4
building	4
buildings	4
bullock	4
cables	4
call	4
cap	4
captives	4
cavern	4
cebriones	4
challenge	4
channels	4
cheese	4
cliffs	4
clothing	4
comeliness	4
confidence	4
consent	4
copper	4
corpse	4
craft	4
crews	4
cross	4
damages	4
dark	4
daylight	4
debt	4
dirt	4
discretion	4
doing	4
double-	4
dove	4
drinking	4
drug	4
dung	4
dwellers	4
eagerness	4
eaters	4
eddies	4
entrance	4
envoy	4
ere	4
erewhile	4
errand	4
escape	4
ewe	4
exchange	4
faces	4
fact	4
fair-	4
fare	4
fawns	4
five-	4
flakes	4
flare	4
folk	4
follower	4
fools	4
ford	4
forestays	4
forsooth	4
fright	4
furrow	4
games	4
giver	4
glade	4
glare	4
goblet	4
good	4
grave	4
guiltless	4
halitherses	4
harbours	4
harvest	4
healing	4
heaps	4
hearers	4
heir	4
hell	4
her--	4
hilt	4
holes	4
honesty	4
hopes	4
horizon	4
household	4
hue	4
huntsmen	4
husbands	4
ilius--	4
information	4
insult	4
jackals	4
keepsake	4
key	4
kingdom	4
knife	4
lard	4
laughter	4
laughter-	4
layer	4
lie	4
logs	4
look	4
lowing	4
mail	4
matrons	4
melanthius	4
menelaus	4
merman	4
misadventure	4
morn	4
motion	4
mule	4
muses	4
myrmidons	4
names	4
nations	4
nay	4
north	4
nose	4
notion	4
offence	4
offer	4
orchard	4
ordering	4
owner	4
pace	4
pasture	4
physician	4
pick	4
plank	4
plume	4
poplars	4
pork	4
port	4
possession	4
precincts	4
pretext	4
proofs	4
prophecy	4
propriety	4
quoit	4
railing	4
reckoning	4
refuge	4
reserve	4
respite	4
ridges	4
rope	4
row	4
rows	4
rug	4
run	4
sack	4
sanctuary	4
scout	4
sheepskins	4
smell	4
socket	4
souls	4
spy	4
stay	4
stead	4
steps	4
stick	4
stomach	4
stool	4
stop	4
straits	4
straw	4
streets	4
strife	4
stroke	4
styes	4
subjection	4
sulphur	4
surf	4
sweating	4
swell	4
tail	4
talent	4
tamarisk	4
taunts	4
thinking	4
third	4
thong	4
thrasymedes	4
threats	4
thunderbolt	4
tide	4
token	4
traders	4
trap	4
traveller	4
treachery	4
tricks	4
trust	4
tusks	4
twenty-	4
uncle	4
vaunt	4
vessels	4
victuals	4
vine	4
waist	4
weal	4
wheat-	4
whit	4
widow	4
wild-	4
womb	4
worms	4
wrestling	4
yourself--	4
achilles--	3
act	3
affairs	3
aforetime	3
aft	3
ages	3
all--	3
ally	3
altars	3
amber	3
anchises	3
ancle	3
apple	3
approach	3
askance	3
asphodel	3
assemblies	3
assistance	3
attendance	3
avail	3
bags	3
bar	3
battles	3
beech	3
bees	3
begat	3
beings	3
belief	3
betters	3
bit	3
bliss	3
blossoms	3
boldness	3
booty	3
borders	3
bosses	3
bowstring	3
box	3
boxing	3
brass	3
breaker	3
breakfast	3
breathing	3
brimstone	3
brink	3
broad-	3
brooch	3
brood	3
builder	3
burial	3
buttock	3
cable	3
captivity	3
carcase	3
carver	3
cave--	3
chaff	3
change	3
channel	3
charms	3
cheeses	3
chill	3
clansmen	3
cliff	3
club	3
cold	3
columns	3
commander	3
commands	3
concealment	3
content	3
contention	3
contests	3
councils	3
countries	3
courtesy	3
cranes	3
criers	3
cup-	3
cupbearer	3
currents	3
cyclops	3
dancer	3
daring	3
darter	3
decrees	3
defiance	3
deliverance	3
design	3
devices	3
discord	3
discs	3
distinction	3
ditch	3
dozen	3
dwelling	3
dwelt	3
engagement	3
enmity	3
envoys	3
escorts	3
evermore	3
everyone	3
evils	3
exhaustion	3
exile	3
fallen--	3
false	3
farewell	3
farms	3
fastens	3
fear--	3
feed	3
festival	3
field--	3
fig-	3
file	3
fingers	3
fitting	3
flashing	3
fleeces	3
fleetness	3
flow	3
footsteps	3
forecourt	3
forests	3
four-	3
fowl	3
frame	3
fraud	3
freedom	3
fringe	3
fruits	3
fulfilment	3
fury--	3
gathering	3
gibe	3
girdles	3
girls	3
girt	3
goad	3
goal	3
going	3
grip	3
groan	3
ground--	3
groves	3
grudge	3
guest-	3
gull	3
haply	3
hard-	3
hardships	3
hellas	3
helmsman	3
herbage	3
hills	3
hog	3
hollow	3
hook	3
horsemanship	3
hours	3
house-	3
house--	3
hunter	3
huntress	3
hussies	3
ilus	3
joints	3
justice	3
kin	3
kindness	3
knights	3
lack	3
lamb	3
landing	3
lap	3
laugh	3
law--	3
lays	3
leaf	3
lightnings	3
liquor	3
load	3
loins	3
longing	3
lookout	3
looks	3
lords	3
magician	3
maid	3
maiden	3
making	3
mantles	3
marvel	3
mass	3
meals	3
meed	3
memories	3
mire	3
missiles	3
moons	3
morsel	3
mould	3
mud	3
multitudes	3
murder	3
muse	3
naiad	3
navel	3
nerve	3
net	3
nigh	3
notch	3
oats	3
obedience	3
oceanus--	3
onslaught	3
oracle	3
orator	3
ornament	3
outrage	3
owners	3
pack	3
pails	3
palm	3
palms	3
panic-	3
pastures	3
paunch	3
peasants	3
pelion	3
pens	3
perforce	3
peril	3
phalanxes	3
phantom	3
phoebus	3
pigeon	3
pin	3
pins	3
pities	3
pits	3
plains	3
plough	3
position	3
precipice	3
promises	3
prophesyings	3
prosperity	3
protector	3
quality	3
rail	3
reader	3
readiness	3
realm	3
realms	3
reeds	3
regard	3
regards	3
reign	3
reigns	3
reverence	3
reward	3
rise	3
rivets	3
roaring	3
robbers	3
rods	3
rooms	3
rowing	3
runners	3
rushes	3
ruth	3
scandal	3
scheme	3
scream	3
seeing	3
selves	3
sharing	3
sheen	3
sheet	3
sheets	3
shepherding	3
shoots	3
shoulders--	3
shovel	3
shrift	3
shuttle	3
sickness	3
slayers	3
smith	3
so--	3
someone	3
soot	3
source	3
sponges	3
spouse	3
stables	3
staircase	3
stays	3
steam	3
stepmother	3
sticks	3
stillness	3
stitches	3
stockyard	3
store-	3
storms	3
struggle	3
struggles	3
success	3
summons	3
sunlight	3
sunrise	3
sunset	3
sunshine	3
swoon	3
sword-	3
talking	3
tawny	3
terror-	3
tidings	3
tire	3
tools	3
torchlight	3
trace	3
track	3
tracks	3
trickster	3
troops	3
tug	3
tumult	3
tune	3
turns	3
upland	3
utterance	3
valleys	3
value--	3
veins	3
vineyards	3
visitors	3
visor	3
vouchsafe	3
vouchsafed	3
voyage--	3
waning	3
water--	3
weakling	3
west	3
wherewith	3
whining	3
whithers	3
wicker	3
wisdom	3
woods	3
works	3
worth	3
wreath	3
abuse	2
accord--	2
achaeans--	2
acres	2
action	2
again--	2
age-	2
ajaxes	2
alder	2
amount	2
ancles	2
angel	2
angles	2
anguish	2
anticlus	2
anxiety	2
anybody	2
apartment	2
apartments	2
apology	2
apples	2
archer-	2
archery	2
aright	2
arrangement	2
arrival	2
ass	2
astonishment	2
athletes	2
attendants	2
augur	2
augurs	2
authority	2
bachelors	2
baggage	2
balance	2
baldric	2
banquets	2
barbs	2
bards	2
bars	2
base	2
battering	2
battlement	2
be--	2
beacon	2
beads	2
bear	2
bearer	2
bearing	2
bedding	2
bedroom	2
beseech	2
besought	2
binders	2
bladder	2
bleating	2
blemish	2
blest	2
block	2
blood--	2
bluster	2
boiling	2
boss	2
bough	2
bowman	2
boxers	2
boyhood	2
boys	2
braggart	2
bragging	2
branch	2
brands	2
bravery	2
brawling	2
brazen	2
breach	2
breadth	2
breakers	2
breastplates	2
breed	2
bridegroom	2
brides	2
bridge	2
brightness	2
brim	2
brooding	2
brothers--	2
brute	2
buckler	2
buzz	2
bygones	2
cairn	2
calves	2
carcass	2
carcasses	2
carelessness	2
cargo	2
carnage	2
carpet	2
cars	2
casks	2
centaurs	2
chalice	2
chalk	2
chambers	2
chariot--	2
chattels	2
cheek	2
cheer	2
chiefest	2
children--	2
circles	2
cisterns	2
claim	2
clamour	2
clans	2
clash	2
clots	2
coat	2
cobwebs	2
communities	2
companion	2
companionship	2
compunction	2
comrade--	2
concert	2
concubine	2
conference	2
consequence	2
consideration	2
continent	2
cord	2
corslets	2
counselling	2
credit	2
crime	2
crook-	2
cross-	2
crowds	2
crows	2
cruse	2
crush	2
crystal	2
cubit	2
curls	2
current	2
curses	2
custom	2
cut	2
dam	2
dauntless	2
daws	2
deals	2
dearer	2
dears	2
debate	2
deep-	2
delight	2
den	2
desert	2
destiny	2
deucalion	2
devil	2
devise	2
diadem	2
difference	2
difficulties	2
dirge	2
discontent	2
discourse	2
disease	2
distraught	2
disturbance	2
divers	2
divination	2
dower	2
down	2
drives	2
drop	2
droves	2
drugs	2
drunkenness	2
dun	2
eagle-	2
eagles	2
earrings	2
earshot	2
east	2
eddying	2
edges	2
eels	2
effort	2
elder	2
elms	2
embroidery	2
encircler	2
errands	2
estates	2
event	2
evil-	2
excellence	2
excuse	2
excuses	2
exit	2
experience	2
exploits	2
eyes--	2
eyesight	2
fabric	2
fades	2
fain	2
faith	2
famine	2
far-	2
fares	2
fastenings	2
fasting	2
fates	2
father-	2
fearless	2
feathers	2
feeding	2
feeding--	2
feeds	2
feet--	2
fellowship	2
festivities	2
fifty-	2
figs	2
fire--	2
firebrand	2
fishermen	2
fists	2
flashes	2
flattery	2
floods	2
fly	2
foes--	2
folds	2
following	2
forage	2
forefront	2
foreigner	2
foreigners	2
foreland	2
forenoon	2
foundations	2
fountains	2
fresh-	2
fuel	2
furnace	2
further--	2
furtherance	2
gain	2
gale--	2
gallops	2
game	2
garlands	2
gasping	2
gatherings	2
generation	2
giants	2
gibes	2
gird	2
glance	2
gloom	2
glow	2
glutton	2
goatskin	2
god--	2
goings	2
goldsmith	2
goodness	2
gossamer	2
grasp	2
greeting	2
groin	2
guardians	2
guilds	2
guilt	2
gulls	2
gusts	2
habit	2
halves	2
hammer	2
handful	2
handfuls	2
handiwork	2
handles	2
harbinger	2
hare	2
hatred	2
haunt	2
hawk	2
hawks	2
healer	2
hearing	2
heavenwards	2
heels	2
height	2
helpers	2
hereafter	2
hiding	2
him--	2
himself--	2
hindermost	2
hindmost	2
hip	2
hiss	2
hoar	2
holding	2
homewards	2
honours	2
horrors	2
horseman	2
horses--	2
hull	2
hum	2
huntsman	2
hurrying	2
husband--	2
hussy	2
idiot	2
illness	2
immortal	2
importunity	2
incessant	2
inches	2
infancy	2
inhabitants	2
iniquity	2
insatiate	2
insolent	2
instance	2
ithaca	2
jar	2
jeering	2
judgements	2
judges	2
judgment	2
killing	2
knob	2
lady	2
lairs	2
lame	2
lawns	2
leiodes	2
leisure	2
lengthways	2
letter	2
letters	2
liar	2
liars	2
lids	2
like	2
like-	2
list	2
litter	2
lover	2
lying	2
mace	2
madman	2
maidservants	2
mail-	2
make	2
mangers	2
maniac	2
marble	2
march	2
mariners	2
marrow	2
mate	2
meal--	2
meeds	2
menelaus--	2
merchandise	2
messages	2
midday	2
middlemost	2
mien	2
mill	2
minister	2
minstrel	2
minstrels	2
minstrelsy	2
mishap	2
moderation	2
mothers	2
mule-	2
muscles	2
mynes	2
nape	2
nature	2
necessity	2
necklace	2
needs	2
neglect	2
nest	2
nests	2
night--	2
nonsense	2
noon	2
noose	2
obedient	2
object	2
occasion	2
odds	2
offers	2
offices	2
ointments	2
olives	2
ones--	2
onion	2
orb	2
ordinances	2
outcast	2
outlaw	2
outlines	2
own--	2
pains	2
panther	2
parnassus	2
passenger	2
past	2
paths	2
patroclus--	2
pattern	2
pears	2
pendants	2
people--	2
pheres	2
physicians	2
piercing	2
pigstye	2
pile	2
pilots	2
pipes	2
pirates	2
pit	2
plague	2
plainness	2
plane-	2
platters	2
play	2
podes	2
points	2
poison	2
poisons	2
pomegranates	2
pomp	2
pool	2
pore	2
practice	2
praise	2
pray	2
premises	2
preside	2
pretence	2
price	2
prime	2
prison	2
prisoners	2
prodigies	2
prophecyings	2
prow	2
public	2
punishment	2
puppies	2
pyraechmes	2
quail	2
quake	2
quarrelling	2
racks	2
radiance	2
rafter	2
rages	2
railer	2
rams	2
rancour	2
rattle	2
reality	2
reapers	2
recklessness	2
recollection	2
refreshment	2
rein	2
relief	2
remains	2
remarks	2
remedy	2
remorseless	2
rent	2
reproaches	2
requital	2
resentment	2
resource	2
retreat	2
returns	2
ribs	2
righteousness	2
rights	2
ringleaders	2
rings	2
ripple	2
risk	2
river--	2
roadside	2
roll	2
rouse	2
rovers	2
ruing	2
rulers	2
rulest	2
rushing	2
s.	2
sanction	2
sapling	2
scale	2
scene	2
scent	2
scolding	2
scoundrels	2
scourge	2
scouts	2
seal	2
seaside	2
seaward	2
second	2
security	2
sepulchre	2
severity	2
shade	2
shades	2
shadows	2
shape	2
shares	2
she-	2
shifty	2
shingle	2
shipboard	2
ships--	2
shipwreck	2
shipwrights	2
shooting	2
shot	2
shoulder-	2
shouts	2
show	2
showers	2
shroud	2
sickles	2
side--	2
simpleton	2
singleness	2
sirs	2
sister-	2
site	2
situation	2
size	2
skies	2
skull	2
slaves	2
slew	2
slices	2
slip	2
smiths	2
snow-	2
something--	2
songs	2
soothsayer	2
sorrowing	2
sows	2
sparrow	2
spearman	2
spearsmen	2
spells	2
spine	2
spiritless	2
spit	2
spleen	2
sponge	2
stallion	2
starlings	2
staves	2
stealing	2
steersmen	2
sternness	2
stewards	2
stories	2
stormer	2
strain	2
strains	2
stratagems	2
street	2
strode	2
stump	2
style	2
subjects	2
subtlety	2
succour	2
suggestion	2
suggestions	2
summit	2
swaggering	2
swallow	2
swarms	2
swart	2
swear	2
sweethearts	2
sweetness	2
swine	2
swineherds	2
swoop	2
talthybius	2
tasks	2
tassels	2
temper	2
tempest	2
tenedos	2
tenth	2
terms	2
testimony	2
thenceforward	2
there--	2
thereto	2
thicknesses	2
thief	2
thirds	2
thole-	2
thrashing	2
thread	2
threat	2
throats	2
throes	2
thrust	2
thud	2
thunders	2
thyestes	2
ties	2
tires	2
to--	2
toils	2
tongs	2
touch	2
tournament	2
towns	2
traces	2
treatment	2
tremble	2
tresses	2
trident	2
trojans--	2
trough	2
truce	2
try	2
tumblers	2
tunics	2
twilight	2
twins	2
tyres	2
upshot	2
us--	2
vagabond	2
value	2
vantage	2
vase	2
vaunts	2
vein	2
vesture	2
victim	2
vigour	2
villainy	2
vine-	2
virtues	2
vitals	2
voyages	2
vulture	2
waggons	2
wailing	2
wake	2
wall--	2
wantonness	2
warp	2
washing	2
wasps	2
waster	2
watchman	2
way--	2
weaving	2
wedlock	2
welcome	2
welfare	2
well-	2
whey	2
whirl	2
whomsoever	2
wielder	2
willows	2
windy	2
winners	2
wintry	2
wish	2
withes	2
woman--	2
wonder	2
woodman	2
woodmen	2
wooers	2
worker	2
workmanlike	2
workmanship--	2
workwomen	2
world--	2
wrack	2
wrestlers	2
wretches	2
wrinkles	2
wrists	2
wrongs	2
yarn	2
yearning	2
zeal	2
a	1
ablerus	1
abodes	1
abounding	1
about--	1
absent	1
acceptance	1
accident	1
accompaniment	1
accomplishment	1
accounting	1
accounts	1
achaea	1
ache	1
acorns	1
acquaintance	1
addition	1
address	1
addresses	1
admittance	1
adrift	1
adze	1
aeetes--	1
aegisthus--	1
affair	1
affection	1
affectionate	1
afternoon	1
agonies	1
aid--	1
ails	1
airs	1
alcinous	1
alighting	1
alive--	1
allotment	1
allowance	1
allowances	1
already--	1
alternatives	1
altes--	1
amaze	1
amazement	1
ambrosial	1
ambush--	1
amity	1
ancestors	1
anchor	1
anchors	1
anger--	1
angle	1
ankle-	1
antagonist	1
antenor	1
antilochus	1
anvils	1
anybody--	1
anything--	1
apace	1
apollo	1
apollo--	1
apothecaries	1
apparel	1
applaud	1
aptitude	1
arcades	1
argument	1
arion	1
armfuls	1
armies	1
armlets	1
armour--	1
arms--	1
arrow--	1
arrows--	1
artifice	1
artificers	1
artisans	1
arts--	1
asking	1
aslant	1
aspect	1
aspen	1
assailants	1
assent	1
astride	1
athlete	1
atmosphere	1
atonement	1
attempt	1
attire	1
attiring	1
auger	1
augers	1
aught	1
augury	1
august	1
autophonus--	1
avenger	1
avengers	1
avenging	1
awards	1
away--	1
axes--	1
axle-	1
babe	1
babel	1
backbone	1
backbones	1
backs	1
backstay	1
bait	1
baldrics	1
bane--	1
banes	1
baning	1
banqueting-	1
bard--	1
bark	1
barking	1
barque	1
barrier	1
baser	1
bat	1
bats	1
battledore	1
baying	1
beak	1
beaks	1
beans	1
bear--	1
bears	1
beats	1
beauties	1
beauty--	1
beck	1
bed--	1
bedchamber	1
bedchambers--	1
bedside	1
bedsteads	1
beechmast	1
beg	1
begone	1
behaviour	1
behind--	1
bellow	1
bellowing	1
bench	1
besiegers	1
bestrewn	1
bestride	1
better-	1
betters--	1
betwixt	1
bevy	1
bid	1
bide	1
billet	1
bird--	1
bitch	1
bitterly--	1
bivouac	1
blacksmith	1
blades	1
blare	1
blazing	1
bleat	1
bleeding	1
blessing	1
blighting	1
blindness	1
blood-	1
bloodless	1
bloodshed	1
blossom	1
blubbering	1
boarhounds	1
boast	1
boatmen	1
bondman	1
bondsman	1
bondsmen--	1
bondswomen	1
bondwoman	1
boons	1
border	1
bosom--	1
bossed	1
boundaries	1
boundary	1
bounding	1
bounds	1
bounty	1
bout	1
bow--	1
bowmen	1
bowstrings	1
boxwood	1
braces	1
braggarts	1
brambles	1
brand	1
brandishes	1
breastpiece	1
breastworks	1
breathing-	1
breathless	1
breeder	1
breeders	1
breeding	1
breezes	1
bribes	1
broach	1
broken-	1
broken--	1
brooches	1
brothers-	1
bruises	1
bucket	1
bucklers	1
buckles	1
buds	1
buffet	1
build	1
builders	1
building--	1
bulwarks	1
bunches	1
burning--	1
bursting	1
bushes	1
butcheries	1
buttresses	1
butts	1
byblus	1
bystanders	1
cajoling	1
cakes	1
calamities	1
calamity	1
calf	1
calling	1
calm	1
camp-	1
camps	1
cannot	1
canopy	1
cape	1
captain--	1
captains--	1
carcases	1
cares	1
cargoes	1
carrying	1
carve	1
carvers	1
cases	1
casque	1
catalogue	1
catch	1
catches	1
caves	1
cease	1
cedar	1
ceiling	1
celery	1
cell	1
centre	1
centre-	1
centre--	1
certainty	1
chains--	1
challenger	1
chamois	1
chances	1
changes	1
charges	1
chariot-	1
charioteer--	1
charioteers	1
chariots--	1
charlatan	1
charm	1
charops	1
chase--	1
chastise	1
chattel	1
chatter	1
chattering	1
checks	1
cheeks--	1
cheerfulness	1
chest--	1
chestnut	1
chickens	1
chide	1
child--	1
childbirth	1
chimneys	1
chine	1
chivalry	1
chop	1
chopping-	1
chryses	1
churl	1
cicales	1
cicons	1
circuit	1
cisses	1
cities--	1
clan-	1
clank	1
clanless	1
clarion	1
clatter	1
clattering	1
claws	1
clay	1
cleaver	1
cleft	1
close	1
cloths	1
cloud-	1
cloud--	1
clouts	1
cluster	1
clusters	1
clutch	1
clutches--	1
coast--	1
coasts	1
coils	1
colonnades	1
colours	1
come--	1
comforter	1
comforting	1
comings	1
commanding	1
commission	1
compass	1
competitions	1
competitors	1
complaints	1
complexion	1
compliment	1
concern	1
concourse	1
conduct	1
confirmation	1
conflict	1
confound	1
conquer	1
conscience	1
conscience-	1
consciences	1
constancy	1
consuming	1
continents	1
contrary	1
conversations	1
cool	1
coppers	1
coppice	1
cornel	1
cornice	1
corpses--	1
corruption	1
couches	1
councillor	1
country-	1
country--	1
course--	1
cousin	1
cousins	1
covering	1
coverings	1
covers	1
covert	1
cower	1
coxswain	1
crag	1
cravings	1
creek	1
crest-	1
crimes	1
crimson	1
cripple--	1
crocus	1
crop	1
crossbeams	1
crosspiece	1
crying	1
cudgel	1
cunning--	1
cur	1
cure	1
curiosity	1
curse	1
curtain	1
cushion	1
customs	1
cyclopes	1
cypress	1
cypress-	1
dagger	1
daggers	1
dairy	1
dale	1
dales	1
damage	1
damask	1
damp	1
dams	1
damsel	1
danaans	1
dance--	1
dances	1
danger--	1
dark-	1
daughter--	1
dawning	1
dearth	1
deaths	1
debts	1
deceit	1
decency	1
decision	1
decks	1
deem	1
defenders	1
deities	1
delicacy	1
delivery	1
dells	1
demands	1
demesne	1
demigods	1
den--	1
depth	1
descendants	1
designs	1
desires	1
despoil	1
destruction--	1
device	1
devouring	1
devours	1
dice	1
die	1
dignity	1
dingle	1
diplomacy	1
direction--	1
disaffection	1
discernment	1
disguise	1
disguised	1
dish	1
disorder	1
dispensation	1
dispenser	1
dispensers	1
disposal	1
disposer	1
dispute	1
disputes	1
disquietness	1
disrespect	1
distraction	1
diviner	1
do--	1
doe	1
doer	1
dogfish	1
dogs--	1
dolphin	1
dolphins	1
donors	1
door--	1
dorians	1
dove--	1
down--	1
dowry	1
dragging	1
dragon	1
draughts	1
dreamland	1
dresser	1
dresses	1
drive	1
drops	1
drought--	1
drowsiness	1
drubbing	1
drunkard	1
dry-	1
dryops	1
ducts	1
dudgeon	1
duly	1
dumb--	1
dusky	1
dust--	1
dweller	1
dye	1
dying	1
dykes	1
eager	1
ear-	1
earnings	1
earth--	1
eater	1
eating	1
effrontery	1
eighteenth	1
eighth	1
elbows	1
elpenor	1
embassy	1
embellishments	1
emblems	1
empire	1
enamel	1
enchantments	1
encircling	1
endeavors	1
enjoyment	1
enops	1
enrich	1
enriches	1
ensign	1
entertainment	1
entrails--	1
entrances	1
entreaty	1
entry	1
equals	1
equipment	1
erebus--	1
ereuthalion	1
erichthonius	1
essaying	1
estimation	1
eternity	1
euippus	1
eupeithes	1
euryclea	1
eurymachus	1
eurypylus	1
eve	1
evenings	1
events	1
everything--	1
evildoer	1
excellency	1
excels	1
exception	1
exchanges	1
exercises	1
exhort	1
exiles	1
expectation	1
expectations	1
expedition	1
exploit	1
expression	1
extremity	1
eyeball	1
fag	1
faggots	1
fail	1
failing	1
false-	1
falsehood	1
falsehoods	1
familiarity	1
family--	1
fancies	1
fangs	1
fastness	1
fate-	1
father--	1
fatherless	1
fathom	1
fathoms	1
fatigue	1
fearing	1
fears	1
feat	1
feather	1
feature	1
fee	1
feeblest	1
feelings	1
felloe	1
felloes	1
fellow--	1
felt	1
fen	1
fetching	1
fetters	1
fever	1
fibre	1
figures	1
filling	1
filly	1
finding	1
finger	1
fire-	1
firelight	1
fireside	1
first-	1
fisherman	1
fishing	1
fit	1
fixity	1
flame--	1
flapping	1
flash	1
flat	1
flavour	1
fleas	1
fledglings	1
fleet--	1
fleeter	1
fleetest	1
flinching	1
flings	1
flockmaster	1
flocks--	1
floor--	1
flows	1
flute	1
flutes	1
fluttering	1
flying	1
foal	1
foam--	1
foe--	1
folding	1
foliage	1
follow--	1
food--	1
foolhardiness	1
foolishness	1
foothold	1
footprints	1
foray	1
forbearance	1
forbid	1
fore	1
forebodings	1
forecast	1
forelands	1
foreshadows	1
fork	1
fort	1
fortunes	1
foul	1
foundation	1
fountainhead	1
foursquare	1
fragrance	1
frames	1
frankincense	1
freebooters	1
freemen	1
freight	1
freights	1
frenzy	1
friends--	1
from--	1
frontlet	1
frost	1
fruitling	1
fulness	1
furrows	1
furs	1
gadfly	1
gait	1
gall	1
galley	1
gallop--	1
gardener	1
gardener--	1
gash	1
gatemen	1
gather	1
gatherer	1
gentleness	1
gewgaws	1
giantess	1
gibbering	1
gilding	1
girlhood	1
give	1
give-	1
givers	1
gladness	1
glee	1
glen	1
gnashing	1
go-	1
goat--	1
goatherds	1
goatskins	1
gobbets	1
gold--	1
goose	1
gorge	1
gorges	1
gossip	1
gossips	1
graces	1
grandfather	1
grandmother	1
grandsons	1
grant	1
grater	1
gratitude	1
grazing	1
greave	1
green	1
grey	1
grievance	1
grieve	1
grievousness	1
grips	1
groans	1
groove	1
grounds	1
group	1
growl	1
growls	1
growth	1
guard--	1
guards	1
guest--	1
guests--	1
guise	1
gulf	1
gunwale	1
gut	1
hades--	1
hairs	1
hale	1
half-	1
halloa-	1
halo	1
halt	1
hand--''wife	1
hapless	1
hardships--	1
hares	1
harness-	1
harnessing	1
harpalion	1
harrying	1
harvest--	1
harvests	1
hatchet	1
hatchets	1
hate	1
haughtiness	1
haunts	1
haven--	1
havens	1
hawser	1
hazard	1
he-	1
headgear	1
headpiece	1
headway	1
heal	1
health	1
hearts--	1
heaven	1
heedlessness	1
heirloom	1
helice	1
helmsmen	1
helplessness	1
henchmen	1
herald--	1
herd--	1
hereabouts	1
hero--	1
heron	1
hew	1
hewn	1
hid	1
highlands	1
hillside	1
hillsides	1
hindrance	1
hinds	1
hinges	1
hint	1
hip-	1
hire	1
history	1
hitherto	1
hobbles	1
hoggets	1
hogs	1
homesteads	1
hooks	1
hooting	1
horror	1
horseback	1
horsehair	1
hound--	1
householder	1
householders	1
housemaids	1
hovers	1
hue-	1
hulls	1
human	1
humming	1
hundreds	1
hunter--	1
hunters	1
hunting	1
hunts	1
hurdles	1
hurly-	1
hurry-	1
hurts	1
huts	1
hyperenor	1
hyperion	1
i.	1
iasion	1
ibex	1
ice	1
ichor	1
identity	1
immortal--	1
import	1
impudent	1
impulse	1
impunity	1
in-	1
inch	1
inconvenience	1
indiscretion	1
individuals	1
indoors	1
infamy	1
infinite	1
infinity	1
infirmities	1
influence	1
inheritance	1
injury	1
inlaid	1
inside	1
inspiration	1
instant	1
instinct	1
instruct	1
instruction	1
intention	1
intentions	1
intercourse	1
interest	1
interests	1
interpretation	1
intervals	1
intrigue	1
introduction	1
invitation	1
inwards	1
iphiclus	1
iron--	1
irus	1
isles	1
islet	1
jailor	1
javelin-	1
jelly	1
jeopardy	1
jot	1
journey--	1
jove	1
jug	1
jugs	1
juice	1
jumpers	1
keener	1
keeper	1
ken	1
kick	1
kidneys	1
kill	1
kill--	1
kindnesses	1
kinship	1
kinswomen	1
kisses	1
knavery	1
kneading	1
kneed	1
knees--	1
knot	1
knots	1
labour--	1
labourers	1
lacedaemon	1
lad	1
lads	1
laestrygones	1
lair--	1
lamb--	1
lament--	1
lamp	1
lances	1
languages	1
lash	1
later--	1
lather	1
laurels	1
laws	1
layer--	1
leaderless	1
leadership	1
league	1
lean-	1
leaps	1
learning	1
ledges	1
legacy	1
leopard	1
leopardess	1
lesbos--	1
lesson	1
lessons	1
levers	1
levy	1
liberty	1
life--	1
lifeless	1
lightning--	1
lights	1
likelihood	1
limbo	1
limpid	1
limping	1
line--	1
lined	1
lining	1
lintel	1
lioness	1
listening	1
living--	1
loading	1
loaf	1
loathing	1
loaves	1
lobes	1
locusts	1
lodging	1
loitering	1
longest--	1
loo	1
lookers	1
lookers-	1
looking	1
looms	1
loser	1
lotophagi	1
louts	1
love-	1
loveliness	1
lovers	1
loves	1
lump	1
lungs	1
luxury	1
lyre--	1
madam	1
madness	1
magistrate	1
maid-	1
maidservant	1
main--	1
mainstays	1
majesty	1
maker	1
males	1
malice	1
man-	1
management	1
manger	1
manners	1
manservant	1
manure	1
many--	1
marauders	1
mares--	1
market	1
marks	1
marry	1
marshaller	1
marshalling	1
marvels	1
mash	1
masonry	1
massacre	1
mastiffs	1
matrimony	1
mead	1
measuring-	1
meet	1
meetings	1
meges	1
melting-	1
memorial	1
men-	1
menaces	1
merchant	1
merchants	1
mercury--	1
merriment	1
meshes	1
messmates	1
meteor	1
methought	1
milk--	1
millstone	1
mind--	1
mindful	1
minerva--	1
mines	1
mis-	1
miscreants	1
misgiving	1
mission	1
mistake	1
mob	1
moisture	1
moliones	1
moment--	1
monarch	1
monger	1
monster--	1
monsters	1
mooring	1
moorings	1
more--	1
morning--	1
morsels	1
mother-	1
movement	1
mow	1
murderess	1
myself--	1
nakedness	1
nastes	1
naughtiness	1
nave	1
naves	1
neighbor	1
nestlings	1
nether	1
never-	1
nightingale	1
nobleman	1
nook	1
noontide	1
nooses	1
northward	1
noses	1
notices	1
noticing	1
notions	1
now--	1
nursing	1
oath--	1
oaths--	1
observance	1
obstacles	1
obstinate	1
odius	1
oedipus	1
oetylus	1
offal	1
offending	1
office	1
offing	1
offshoot	1
ofttimes	1
ogre	1
ogres	1
ointment	1
old-	1
on--	1
once--	1
open	1
opening	1
opinions	1
opites	1
opportunity	1
orators	1
oratory--	1
ordain	1
ornaments	1
orphans	1
other--	1
others--	1
ours	1
outbuildings	1
outcry	1
outer	1
outermost	1
outposts	1
outside	1
over-	1
overall	1
overrun	1
overtake--	1
owls	1
oxgoad	1
oxhide--	1
oysters	1
packing	1
paean	1
pain-	1
palisade	1
pandion	1
panoply	1
pant	1
panting	1
papa	1
pard	1
parent	1
parentage	1
paris	1
parties	1
parting	1
partner	1
partnership	1
pass	1
passages	1
passer	1
patience	1
patroclus	1
patron	1
patroness	1
paunches	1
pause	1
paws	1
peacefulness	1
peaks	1
pedestals	1
peleus--	1
penalties	1
peneleos	1
perchance	1
perfection	1
perfidy	1
performance	1
perished--	1
perjurer	1
perse	1
person--	1
persons	1
persuasion	1
petition	1
phaeacians--	1
phalanx	1
phantoms	1
pharos--	1
philoctetes	1
phorcys	1
picnic	1
pierce	1
piercer	1
pig-	1
pigs--	1
pigstyes	1
pike	1
pikes	1
pillars	1
pillows	1
pilot	1
pinch	1
pine-	1
pinnacle	1
pitch	1
pitcher	1
placus	1
plaiting	1
plants	1
platform	1
player	1
playing	1
pleasanter	1
pleasuring	1
pledges	1
plenitude	1
ploughed--	1
ploughman	1
plumage	1
plunder	1
podarge--	1
poets	1
poises	1
poles	1
pollution	1
polyctor	1
polydamas	1
polypoetes	1
polypus	1
poppy-	1
porridge	1
portals	1
pot	1
pots	1
potter	1
pouncing	1
poverty	1
praises	1
pranks	1
prating	1
prayer--	1
precedence	1
precipices	1
precipices--	1
preeminence	1
preference	1
preparations	1
presently	1
pressure	1
priests	1
princess	1
principles	1
prodigy	1
profit	1
projecting	1
promontory	1
prop	1
property--	1
prophecies	1
prophesying	1
prophets	1
propitiation	1
props	1
protectress	1
protesilaus	1
protest	1
proud--	1
providence	1
provision	1
prowess--	1
prows	1
pry	1
pulse	1
purse	1
pursuers	1
pursuing--	1
pylaemanes	1
pylians--	1
pyres	1
quantities	1
quarrel--	1
quarter--	1
question--	1
quiver--	1
quivering	1
rabble	1
race--	1
racecourses	1
rag	1
raid	1
rainbows	1
raising	1
raisins	1
rally	1
rangers	1
ranges	1
rapids	1
rash	1
rashness	1
rations	1
ravages	1
ravening	1
ray	1
razor	1
reaches	1
reading	1
rearing	1
rebukes	1
reception	1
reconciliation	1
recruits	1
reek	1
reel	1
region	1
rejoicing	1
relation	1
relations	1
reliance	1
relish	1
remark	1
replenishing	1
reports	1
repose	1
reprimand	1
reputation	1
resins	1
resistless	1
rests	1
revellers	1
revenge--	1
rewards	1
richly-	1
richness	1
ridge	1
rills	1
rime	1
riot	1
ripens	1
rises	1
riverbed	1
riverhood	1
rivulets	1
roads	1
robber	1
roods	1
roof-	1
roses	1
rouser	1
routs	1
rowers	1
rudders	1
ruder	1
ruling	1
rumour	1
rumours	1
runaway--	1
running--	1
rush	1
rye	1
sack--	1
sacking	1
sadness	1
saffron	1
sages	1
sailor	1
sallies	1
sally	1
salutations	1
salute	1
salvation	1
saviour	1
savoury	1
sawn	1
say	1
scare	1
scarf	1
scarlet	1
scenes	1
schemer	1
schemes	1
scion	1
score	1
scorn	1
scoundrel	1
scraps	1
screaming	1
scrolls	1
scruple	1
scyros--	1
scythe	1
seagulls	1
searches	1
seasons	1
sedition	1
seducer	1
seniority	1
sensible	1
sentences	1
serene	1
series	1
serpents	1
services	1
serving-	1
sets	1
setting	1
sex	1
shaggy	1
shambles	1
shamefacedness	1
shapen	1
shapes	1
sheath	1
sheaves	1
sheepfolds	1
sheepskin	1
sheepyards	1
shepherd--	1
shield--	1
shift	1
shipwright	1
shirking	1
shoals	1
shoes	1
shoo	1
shoot	1
shores	1
short-	1
shouting	1
shovel--	1
shower	1
shrivel	1
shrouds	1
shuts	1
shuttlecock	1
shuttles	1
sighing	1
sighs	1
sights	1
silt	1
simoeisius	1
simpletons	1
sin--	1
sinew	1
sing	1
singer	1
sipylus	1
sirens	1
sky--	1
slack	1
slanderer	1
slaughter--	1
slave--	1
slavery	1
slay	1
sleeping	1
sleeves	1
slim-	1
sling	1
slings	1
slinks	1
slits	1
slope	1
slow	1
slut	1
sluts	1
smart-	1
smile	1
smite	1
smithy	1
snags	1
snare	1
snatches	1
snorting	1
snow--	1
snowflakes	1
soaks	1
sobs	1
socus	1
sojourner	1
solace	1
sole	1
solitude	1
son-	1
song--	1
sounder	1
sources	1
south	1
sovereignty	1
spade	1
span	1
sparrows	1
speaking	1
spear-	1
spear--	1
spearsman	1
speech--	1
spell	1
spies	1
spikes	1
spirits	1
splashes	1
splendours	1
split	1
spoil--	1
sport--	1
sportsmen--	1
spring--	1
spur	1
squall	1
squalls	1
squeal	1
squealing	1
stable-	1
stain	1
stains	1
stake	1
stallions	1
stamping	1
stand--	1
stands	1
star-	1
start	1
starting-	1
stations	1
stay--	1
steadfast	1
steaks	1
steams	1
steed	1
steersman	1
stem	1
stench	1
steward	1
stint	1
stir	1
stockyard--	1
stone--	1
stony	1
stools	1
stores	1
story--	1
straggler	1
straightway	1
strainers	1
straps	1
stretch	1
strides	1
strike	1
strings	1
strip	1
stronghold	1
strongholds	1
strung	1
stubbornness	1
stuff	1
stung--	1
subscriptions	1
subtlety--	1
succeeding	1
succession	1
sucker	1
suckers	1
suffice	1
sunbeams	1
sundown	1
superhuman	1
supplication	1
supply	1
supporters	1
supports	1
surf-	1
surface	1
surgeon	1
suspecting	1
swam	1
swamp	1
swans	1
swathe	1
swathes	1
sway	1
sweet-	1
swindler	1
sword--	1
sympathy	1
tablet	1
tackle	1
tackling	1
tails	1
take	1
taking	1
talisman	1
tamarisks	1
tamely	1
tapestries	1
tapestry	1
targets	1
tatters	1
teems	1
tempers	1
tempests	1
temples--	1
tens	1
tereia--	1
termagant	1
test	1
texture	1
theme	1
themselves--	1
thenceforth	1
thickets	1
thieves	1
thin--	1
thing--	1
think	1
thong-	1
thorns	1
thoughts	1
thrace--	1
thracians	1
threads	1
threes	1
thrones	1
throwing	1
thrushes	1
thump	1
thus:--	1
thyrsi	1
tillage	1
tip	1
tips	1
today	1
together--	1
tokens	1
toll	1
tones	1
tons	1
tooth	1
topes	1
torments	1
tortures	1
tough-	1
tour	1
towers	1
townspeople	1
toys	1
trail	1
train	1
train--	1
trample	1
transport	1
travel	1
travellers	1
travels	1
tread	1
treading	1
trembles	1
trials	1
trice	1
trifles	1
trill	1
triple-	1
triumphant	1
trophy	1
troughs	1
trumpet	1
trumpets	1
tubs	1
tuft	1
turning-	1
turtledoves	1
tusk	1
tusks--	1
twinkling	1
twist	1
twittering	1
twixt	1
tyre	1
udders	1
umpire	1
unawares	1
unbidden	1
uncertainty	1
undertaking	1
underwood	1
unforgiving	1
unguents	1
universe	1
unkindness	1
unsavoury	1
unyoke	1
uppermost	1
urge	1
urns	1
utmost	1
vagrant	1
valuables	1
vapour	1
vassal	1
veils	1
vestibule	1
vestments	1
vex	1
vigor	1
viler	1
villain	1
vintage	1
vintagers	1
violation	1
violet	1
violets	1
visitor	1
visits	1
vixen	1
volunteers	1
vomiting	1
vows	1
wage	1
wages	1
wain	1
waistband	1
waiting	1
waits	1
walk	1
wanderer	1
wandering	1
wanes	1
wanton	1
warden	1
warders	1
warm	1
warmth	1
warning	1
wars	1
washing-	1
wasp	1
wasting	1
watchfire	1
water-	1
waters--	1
waterside	1
waxing	1
wayfarers	1
wayside	1
wayside--	1
weather-	1
weddings	1
weep	1
welkin	1
wells	1
weltering	1
wheeling	1
wheelwright	1
whelps	1
whensoever	1
whet	1
whine	1
whirlwinds	1
whiteness	1
whizzing	1
whosoever	1
wide-	1
widow--	1
width	1
wielding	1
wildfire	1
wiles	1
wiliness	1
will--	1
windpipe	1
winds--	1
wines	1
wink	1
winner	1
winnowing--	1
wishes	1
witchcraft	1
withholds	1
withies	1
wolds	1
wolf	1
women-	1
wonders	1
woodcutters	1
wooer	1
woof	1
worm	1
worries	1
worse--	1
worser	1
wounding	1
wraith	1
wranglings	1
wrap	1
wreck	1
wreckage	1
wriggling	1
writhing	1
wrong-	1
wronging	1
yard--	1
yea	1
yells	1
yoke-	1
yokestraps	1
yolking	1
youngster	1
