unigram	frequency
will	1503
son	1289
one	990
said	886
man	770
now	768
ulysses	726
men	703
jove	660
went	628
us	610
achaeans	609
trojans	583
shall	571
go	561
may	559
come	545
house	543
let	537
ships	521
hector	491
came	481
back	472
great	472
even	470
achilles	452
father	451
take	441
among	431
spear	430
made	425
gods	422
two	409
took	403
hand	378
see	377
fight	375
tell	351
though	347
sea	344
people	343
round	341
many	338
set	332
heaven	332
till	330
therefore	330
hands	328
still	327
like	325
much	321
way	320
home	318
minerva	313
horses	310
good	304
answered	300
ship	299
give	295
city	291
another	286
make	283
first	275
left	273
long	272
away	271
also	270
telemachus	268
king	267
saw	266
old	263
yet	263
might	258
ground	258
battle	255
spoke	254
armour	254
fell	253
day	242
suitors	242
heart	238
agamemnon	238
head	236
body	235
well	234
put	233
saying	225
got	225
know	221
time	220
never	218
god	217
say	217
killed	216
menelaus	216
brought	210
mother	210
gave	207
others	206
side	205
far	200
sons	200
ever	199
get	198
must	196
priam	194
towards	192
without	192
full	189
patroclus	184
ajax	184
chariot	184
death	182
every	181
dead	181
heard	181
hold	180
struck	177
sent	177
fighting	175
whether	174
apollo	171
soon	168
daughter	167
laid	167
stood	165
end	165
brave	164
fire	164
shield	164
noble	163
lay	163
close	161
wine	161
water	160
near	159
eyes	159
going	159
right	158
land	157
argives	157
place	157
wife	156
bronze	155
nothing	155
bring	153
blood	153
troy	152
find	152
atreus	151
women	150
fair	150
night	149
told	149
keep	148
done	147
however	146
peleus	145
wall	144
high	143
drink	141
earth	140
return	139
better	139
best	139
strong	138
stay	138
speak	138
neither	136
held	135
nestor	135
drew	135
stand	132
hear	132
mighty	131
mars	131
juno	130
words	129
country	129
bow	129
mind	129
gold	126
feet	126
either	126
fear	125
whole	125
wind	125
river	124
reached	124
young	123
behind	122
neptune	122
danaans	121
think	120
sleep	120
whereon	120
given	119
dear	119
help	118
leave	118
goddess	118
face	118
began	117
host	115
gone	115
kept	115
fall	115
life	114
angry	114
sat	112
friends	112
look	111
sprang	111
diomed	110
woman	110
hard	110
plain	109
penelope	109
indeed	109
front	109
cry	108
things	108
within	108
kill	108
taken	107
sun	107
just	107
town	106
found	106
coming	106
sheep	105
send	103
olympus	103
strength	102
sword	102
bed	102
matter	101
whose	101
ithaca	100
ilius	99
cried	99
child	98
turn	98
tydeus	97
cut	97
led	96
called	96
turned	95
longer	95
husband	95
fleet	95
room	94
arrow	94
enough	94
meanwhile	93
forward	93
alone	93
hit	93
stranger	93
live	92
presently	92
saturn	92
bore	92
aeneas	91
together	91
war	91
lying	91
honour	90
thick	90
moreover	90
seat	90
rest	89
foot	88
shoulders	87
threw	87
morning	87
gates	86
eat	86
idomeneus	86
helmet	86
looking	86
lie	86
alive	85
comrades	85
want	85
spears	84
part	84
ill	83
fast	82
little	82
raised	82
save	81
servants	81
silver	81
last	80
drive	79
always	79
sorrow	79
inside	78
else	78
hades	78
golden	78
bear	77
eumaeus	77
caught	77
point	77
rose	77
flew	77
three	77
name	76
rich	76
drove	76
bade	76
light	76
knew	75
comrade	75
fallen	74
days	74
work	74
anger	74
darkness	74
along	74
twelve	73
nevertheless	73
thought	73
none	73
sir	73
making	73
bid	72
dark	71
middle	71
lord	71
trojan	71
moment	71
poor	71
ask	70
stayed	70
children	70
brother	70
dust	70
already	69
comes	69
care	69
fly	69
island	68
immortal	68
looked	68
weeping	68
draw	67
counsel	67
voice	67
glad	66
knees	66
true	66
shore	66
top	66
show	66
helen	66
break	65
antilochus	65
tears	65
arms	65
foremost	64
filled	64
cattle	64
gathered	64
friend	64
slain	64
wounded	64
bearing	64
kind	64
reach	64
seen	64
surely	63
prayed	63
sit	63
world	63
mountain	62
straight	62
stone	62
alcinous	62
ranks	62
board	61
fury	61
servant	61
meriones	61
covered	61
goodly	61
valiant	60
taking	60
vulcan	60
replied	60
glory	60
waters	60
deep	59
antinous	59
ready	59
bound	59
swineherd	59
lion	58
fine	58
master	58
sure	58
carried	58
evil	57
lost	57
everything	57
call	57
single	57
dogs	57
word	56
hither	56
neck	56
fought	56
court	56
wound	55
mortal	55
laertes	55
escape	55
phaeacians	55
fierce	55
loud	55
meat	54
immortals	54
force	54
hero	54
sail	54
present	54
tent	54
horse	53
shoulder	53
killing	53
beat	53
pray	53
field	53
heroes	53
trouble	52
sacrifice	52
hide	52
followed	52
pylos	52
something	52
offered	52
talk	52
destruction	52
thereon	52
forth	52
born	52
fellow	52
maids	51
peace	51
argos	51
hope	51
used	51
presents	51
open	51
cup	51
sitting	51
giving	50
chest	50
quite	50
getting	50
cloud	50
flying	50
shouted	50
shirt	50
assembly	49
driven	49
mercury	49
waves	49
thetis	49
sarpedon	49
thing	49
wild	49
dinner	49
die	49
alexandrus	49
bad	49
beside	49
outside	49
nine	48
victory	48
listen	48
speed	48
lest	48
dawn	48
excellent	48
try	48
cloak	47
telamon	47
afraid	47
ida	47
seeing	47
bones	47
large	47
wish	47
door	47
grief	47
cave	47
bread	47
living	47
course	47
chariots	47
venus	47
tents	47
grant	47
iron	46
trying	46
clothes	46
crew	46
meet	46
pieces	46
anything	46
broke	46
twenty	46
forthwith	46
prize	46
able	46
ere	45
clean	45
ran	45
wives	45
princes	45
prayer	45
built	45
carry	45
aegis	45
achaean	45
charge	45
offerings	45
arrows	44
flung	44
hair	44
fate	44
circe	44
sight	44
since	44
years	44
attack	44
beneath	44
supper	43
panic	43
fat	43
run	43
passed	43
wept	43
goats	43
gifts	43
trench	42
cruel	42
truth	42
aloud	42
running	42
store	42
table	42
chief	42
parents	42
steeds	42
places	42
stream	41
cloister	41
low	41
lies	41
winds	41
talking	41
myrmidons	41
wood	41
bitterly	41
terrible	41
offering	41
due	41
year	41
mischief	40
wait	40
spring	40
cunning	40
beyond	40
iris	40
cover	40
rather	40
wash	40
white	40
minded	40
heavily	40
washed	40
vain	40
dare	40
love	40
rock	39
stronger	39
ten	39
rage	39
answer	39
phoebus	39
courage	38
daughters	38
pity	38
standing	38
walls	38
alas	38
throughout	38
main	38
lovely	38
ransom	38
spite	38
lived	38
offer	38
council	38
sped	38
girl	37
furious	37
rang	37
black	37
learn	37
spoken	37
arm	37
skin	37
doors	37
marry	37
hardly	37
four	37
lifted	37
story	37
tree	37
thigh	37
teucer	37
leaving	37
sweet	37
oceanus	37
seats	37
age	37
queen	37
race	36
sound	36
flight	36
met	36
voyage	36
throw	36
captain	36
eating	36
need	36
outer	36
aimed	36
boar	36
hearts	36
string	36
reins	36
lycians	36
blessed	36
shields	36
handed	36
whereas	35
dwell	35
driving	35
hereafter	35
aim	35
broad	35
calypso	35
huge	35
meal	35
mules	35
flesh	35
next	35
pigs	35
poured	34
alike	34
orders	34
breast	34
pain	34
lives	34
protect	34
manner	34
euryclea	34
suffered	34
wealth	34
saved	34
guest	34
become	34
furiously	34
mixing	33
wicked	33
wanted	33
gleaming	33
mankind	33
nurse	33
oath	33
mean	33
menoetius	33
heavy	33
mountains	32
borne	32
perish	32
polydamas	32
closed	32
blow	32
mouth	32
fiercely	32
ajaxes	32
oxen	32
yoke	32
sacked	32
slew	32
sorry	32
knight	32
deemed	32
fetch	32
thrice	32
waiting	32
ox	32
half	32
property	31
holding	31
hung	31
worse	31
makes	31
bringing	31
beautiful	31
harm	31
cities	31
praying	31
hounds	31
case	31
allies	31
forest	31
bravest	31
peer	31
heads	30
third	30
shed	30
smote	30
forget	30
past	30
beauty	30
news	30
times	30
diana	30
triumph	30
feast	30
fill	30
number	30
knows	30
thrown	30
proud	30
means	30
less	30
respect	30
fled	30
warriors	30
air	30
soul	30
brothers	30
loved	29
groaning	29
person	29
fresh	29
rocks	29
bodies	29
wide	29
free	29
wise	29
neleus	29
toil	29
appeared	29
safely	29
perished	29
defend	29
burning	29
bowl	29
armed	29
asked	29
wrought	29
eurymachus	29
squire	29
converse	29
barley	29
piece	29
spread	29
share	29
swear	29
married	29
haste	28
clouds	28
revenge	28
waggon	28
combat	28
belly	28
hurled	28
crowd	28
lot	28
pay	28
sleeping	28
tore	28
greatly	28
keeping	28
quarrel	28
placed	28
clear	28
sack	28
amid	28
seven	28
vouchsafe	28
crying	28
flocks	27
limbs	27
grey	27
shepherd	27
quick	27
follow	27
mast	27
goes	27
clad	27
doom	27
often	27
sailed	27
fifty	27
aside	27
died	27
heed	27
valour	27
firm	27
mine	27
broken	27
speaking	27
shame	27
easily	27
tramp	27
estate	27
turning	26
form	26
win	26
order	26
fingered	26
wrong	26
stones	26
bard	26
rosy	26
pair	26
warrior	26
foe	26
ghosts	26
welcome	26
sake	26
heifer	26
presence	26
message	26
question	25
six	25
thinking	25
bird	25
ear	25
happened	25
aegisthus	25
deiphobus	25
eager	25
pleased	25
sad	25
reason	25
pierced	25
double	25
trees	25
threshold	25
slay	25
sign	25
remember	25
west	25
whip	25
chieftains	25
visit	25
post	25
leaves	25
embrace	24
seems	24
sing	24
antenor	24
understanding	24
fail	24
stripped	24
chase	24
midst	24
certain	24
eye	24
second	24
around	24
honoured	24
lead	24
hundred	24
truly	24
space	24
dismay	24
hercules	24
corn	24
avenge	24
guard	24
goddesses	24
gather	24
safe	24
suffer	24
lashed	24
ghost	24
mixed	23
likeness	23
begin	23
murderous	23
cross	23
thither	23
dream	23
tried	23
xanthus	23
bidding	23
melanthius	23
ones	23
loss	23
beginning	23
seized	23
harbour	23
unhappy	23
line	23
became	23
wave	23
returned	23
dread	23
fool	23
law	23
slept	23
glaucus	23
guests	23
youth	23
strip	23
received	23
sails	23
breath	23
ears	23
captains	23
escort	23
use	23
cease	23
paris	23
vouchsafed	23
gladly	23
lyre	23
spirit	23
singing	23
press	23
remain	23
treasure	23
folly	23
pisistratus	23
ways	22
automedon	22
hour	22
raft	22
flames	22
purpose	22
pass	22
aloof	22
deal	22
mortals	22
speech	22
hosts	22
rout	22
funeral	22
prowess	22
grew	22
whatever	22
oil	22
pyre	22
desire	22
uproar	22
divided	22
setting	22
tongue	22
lightning	22
grow	22
counsels	22
minds	22
prizes	22
oak	22
self	22
roused	22
join	22
pallas	22
sorrows	22
consider	22
company	22
takes	22
judgement	21
aeacus	21
seem	21
public	21
red	21
seated	21
birds	21
cloisters	21
daring	21
opened	21
greater	21
cast	21
savage	21
short	21
bosom	21
hecatombs	21
thunder	21
oileus	21
lambs	21
labour	21
mad	21
promise	21
distress	21
please	21
sweat	21
raise	21
really	21
missed	21
lycaon	21
unless	21
sceptre	21
moved	21
dwelt	21
family	21
eagle	21
rushed	21
busy	21
grasped	21
mentor	21
lose	21
apart	21
charioteer	21
chiefs	21
understand	21
vultures	21
storm	21
rain	21
food	20
bone	20
dragging	20
driver	20
joined	20
solemn	20
banks	20
meats	20
spoils	20
says	20
showed	20
rebuked	20
keen	20
marriage	20
pressed	20
warm	20
tale	20
absence	20
car	20
stern	20
famous	20
disposed	20
lands	20
enemy	20
eaten	20
mark	20
tear	20
heavens	20
promised	20
lycia	20
darted	20
headlong	20
glorious	20
burned	20
ruin	20
comely	20
besought	20
drawn	20
cuirass	20
strangers	20
youths	20
banquet	19
drunk	19
messenger	19
staff	19
soldiers	19
earthquake	19
anointed	19
served	19
watch	19
robbed	19
questions	19
nymphs	19
beach	19
yield	19
prove	19
maid	19
vessel	19
temple	19
fond	19
topmost	19
blame	19
likely	19
hurt	19
forced	19
favour	19
dropped	19
skilled	19
daybreak	19
stretched	19
drawing	19
luck	19
frightened	19
pride	19
small	19
axes	19
eurypylus	19
councillors	19
suffering	19
deed	19
length	19
coward	19
gives	19
grieve	19
couch	19
monster	19
endowed	19
choose	19
regards	19
utterly	19
feared	19
sandals	18
mt	18
woe	18
trial	18
common	18
abundance	18
creature	18
smiled	18
camp	18
suppose	18
urge	18
paid	18
idaeus	18
oars	18
phthia	18
treated	18
cloaks	18
ate	18
insolence	18
tower	18
flock	18
grown	18
cups	18
quarter	18
mares	18
bath	18
corpses	18
inner	18
springs	18
smoke	18
raiment	18
kings	18
finest	18
leader	18
five	18
linen	18
wear	18
bull	18
beaten	18
floor	18
accept	18
power	18
escaped	18
older	18
upper	18
archer	18
pleasure	18
crest	18
check	18
younger	18
olive	18
deeds	18
exclaimed	18
redoubtable	18
marvelled	18
asius	18
addressed	18
fed	18
prayers	17
upstairs	17
mistress	17
furthermore	17
cold	17
sides	17
wing	17
foes	17
satisfied	17
shook	17
service	17
sees	17
worn	17
overcome	17
persuade	17
fourth	17
felt	17
laughed	17
thence	17
beheld	17
darts	17
shout	17
spits	17
begging	17
girdle	17
paying	17
dying	17
grieving	17
road	17
rate	17
song	17
hidden	17
onward	17
barrow	17
strike	17
kinds	17
rank	17
joy	17
vaunted	17
lacedaemon	17
jaws	17
gerene	17
failed	17
dismayed	17
richly	17
utmost	17
sire	17
hate	17
fray	17
comfort	17
cyclops	17
thebes	17
gate	16
command	16
crete	16
pursuit	16
legs	16
journey	16
spare	16
rags	16
stockman	16
heralds	16
mount	16
machaon	16
feed	16
chosen	16
purple	16
abode	16
fit	16
defence	16
stricken	16
pointed	16
weep	16
teiresias	16
hurried	16
move	16
belt	16
array	16
calling	16
foreign	16
autolycus	16
shouting	16
morrow	16
madam	16
growing	16
guardian	16
north	16
spoil	16
famed	16
hecatomb	16
afterwards	16
shoot	16
dry	16
rising	16
shirts	16
false	16
medon	16
confusion	16
yoked	16
account	16
behold	16
soft	16
demodocus	16
guide	16
holy	16
danger	16
suppliant	16
hospitality	16
seemed	16
urged	16
named	16
cauldron	16
scylla	16
thrust	16
kissed	16
seas	16
deadly	16
robe	16
everywhere	16
believe	16
waited	16
followers	16
stuck	16
asleep	16
herd	16
tripod	16
treat	16
shod	16
trust	16
putting	15
sharp	15
agenor	15
hid	15
refuse	15
wanting	15
except	15
sends	15
hearted	15
dardanus	15
fain	15
tired	15
roof	15
soldier	15
shot	15
sheer	15
lions	15
weight	15
cows	15
descendant	15
burn	15
quickly	15
weary	15
whenever	15
gain	15
helping	15
shown	15
sky	15
bent	15
shelter	15
equal	15
feasting	15
altar	15
leto	15
fertile	15
tenth	15
slayer	15
birth	15
lift	15
wrapped	15
wounds	15
wherever	15
entered	15
finished	15
commanded	15
mounted	15
silence	15
nay	15
band	15
cause	15
goodwill	15
bowls	15
leading	15
awful	15
mourned	15
meant	15
wretch	15
lineage	15
obeyed	15
leaning	15
wedding	15
goat	15
early	15
later	15
posts	15
teeth	15
across	15
skill	15
veil	15
rites	15
feeding	15
thoas	15
picked	15
dearest	15
mercy	15
south	15
havoc	15
epeans	15
mourn	14
distance	14
arts	14
phoenix	14
onset	14
rim	14
priest	14
milk	14
weapons	14
snow	14
aloft	14
bury	14
watches	14
falling	14
chose	14
noise	14
miserable	14
miss	14
flame	14
panthous	14
bold	14
mere	14
champion	14
prevent	14
known	14
obey	14
reasonable	14
scamander	14
wooded	14
happen	14
ram	14
strode	14
rise	14
danaan	14
ends	14
horsemen	14
carrying	14
loudly	14
swiftly	14
directions	14
nausicaa	14
working	14
irus	14
yard	14
asking	14
displeased	14
devour	14
throwing	14
hardship	14
dance	14
doubt	14
keeps	14
destroy	14
girded	14
remained	14
lament	14
dulichium	14
bellerophon	14
immediately	14
plenty	14
pierce	14
doomed	14
particularly	14
rattling	14
won	14
support	14
anchises	14
sorely	14
dressed	14
flowing	14
vanquished	14
livelong	14
herds	14
loose	14
wet	14
prepare	14
lit	14
lemnos	14
turns	14
new	14
philoetius	14
cheering	14
several	14
cebriones	13
swore	13
cries	13
briseis	13
summits	13
sailors	13
helmets	13
speared	13
prophet	13
ruler	13
wooing	13
hound	13
blows	13
cheered	13
expect	13
wolves	13
distant	13
witness	13
stop	13
rule	13
stature	13
fountain	13
meeting	13
mist	13
argus	13
orestes	13
worked	13
looks	13
theoclymenus	13
loth	13
narrow	13
dense	13
fitted	13
wore	13
raging	13
beggar	13
bitter	13
ring	13
happy	13
streams	13
dearly	13
bred	13
companions	13
vaunt	13
raged	13
tall	13
displeasure	13
fame	13
washing	13
hut	13
settle	13
attend	13
ashamed	13
flies	13
beautifully	13
drinking	13
ambrosia	13
instead	13
money	13
bane	13
arete	13
mantle	13
lips	13
quiver	13
feasted	13
palace	13
ease	13
midway	13
cyclopes	13
rue	13
proserpine	13
loosed	13
companies	13
mid	13
sthenelus	13
numbers	13
contest	13
eurylochus	13
business	13
human	13
forgotten	13
slumber	13
cheeks	13
quit	13
rouse	13
omen	13
letting	13
star	12
mainland	12
hides	12
chance	12
completed	12
stained	12
station	12
moon	12
rained	12
waste	12
benches	12
bids	12
finding	12
sin	12
battalions	12
wheat	12
shepherds	12
beseech	12
dared	12
sense	12
covenant	12
sooner	12
fishes	12
battlements	12
dart	12
dog	12
divine	12
tearing	12
feel	12
heeded	12
breastplate	12
inasmuch	12
heaped	12
drank	12
gleam	12
returning	12
breaking	12
islands	12
following	12
rivers	12
loom	12
avoid	12
swords	12
carefully	12
gatehouse	12
nymph	12
sang	12
horns	12
weapon	12
dolius	12
chased	12
whence	12
beg	12
asteropaeus	12
stands	12
wailing	12
fixed	12
polybus	12
crests	12
insolent	12
rebuke	12
cretans	12
yards	12
eurynome	12
continually	12
sturdy	12
scaean	12
helenus	12
groaned	12
bastard	12
gale	12
sometimes	12
advise	12
level	12
pisander	12
laomedon	12
excel	12
pale	12
changed	12
catch	12
dolon	12
disgrace	12
euryalus	12
ceasing	12
heat	12
burden	12
leaders	12
argive	12
wheel	12
mule	12
blade	12
salt	12
fling	12
plot	12
hence	12
compassion	12
bind	12
dardanians	12
rob	12
throat	12
lofty	11
phyleus	11
elsewhere	11
acamas	11
wand	11
sacrificed	11
taste	11
olympian	11
fig	11
grieved	11
elis	11
respected	11
charged	11
hot	11
cutting	11
eetion	11
angered	11
oeneus	11
matters	11
aetolians	11
multitude	11
ours	11
prey	11
bethought	11
nodded	11
snatched	11
applause	11
pure	11
plainly	11
infinite	11
nearly	11
woke	11
touch	11
seer	11
backwards	11
troubles	11
limb	11
enjoy	11
workmanship	11
row	11
amphinomus	11
mare	11
worth	11
loaded	11
lame	11
herald	11
hearing	11
fragrant	11
yonder	11
bowed	11
mightiest	11
rugs	11
blind	11
piteously	11
enemies	11
torn	11
satisfaction	11
play	11
secret	11
eumelus	11
foul	11
burnt	11
quarrelling	11
opposite	11
henceforth	11
agreed	11
marked	11
grass	11
dress	11
sister	11
summer	11
offspring	11
chamber	11
besides	11
inlaid	11
lotus	11
stationed	11
touched	11
signs	11
prisoner	11
thankful	11
yesterday	11
pell	11
attacked	11
mell	11
planted	11
build	11
studded	11
started	11
oaths	11
sank	11
thracians	11
green	11
afar	11
challenge	11
bands	11
wit	11
staid	11
dragged	11
inward	11
encircling	11
lamentation	11
unseemly	11
urging	11
poised	11
laughing	11
hellespont	11
tomb	11
thrasymedes	11
hitting	11
egypt	11
gift	11
hitherto	11
onwards	11
omens	11
garden	11
talents	11
wedded	11
treating	11
vineyard	11
houses	11
thighs	11
splendid	11
wants	11
safety	11
lamenting	11
forehead	11
boy	11
fastened	11
tables	11
substance	11
figure	11
sending	11
protected	11
drop	11
instantly	11
blew	11
effect	10
note	10
bank	10
roar	10
tlepolemus	10
tin	10
antiphus	10
flow	10
months	10
creatures	10
forces	10
serve	10
sands	10
knowledge	10
directly	10
delighted	10
clasped	10
mourning	10
nipple	10
vouchsafes	10
change	10
longing	10
sits	10
donned	10
retreat	10
whoever	10
otherwise	10
hellas	10
hateful	10
plant	10
honourable	10
blue	10
roots	10
sand	10
couple	10
rugged	10
liking	10
bidden	10
rolling	10
aeolus	10
buried	10
grove	10
misfortunes	10
fruit	10
sirens	10
thundering	10
soil	10
wrist	10
east	10
assented	10
brawny	10
divide	10
seals	10
honey	10
upwards	10
stout	10
hearth	10
according	10
counsellor	10
footstool	10
moan	10
meaning	10
inspired	10
victims	10
portion	10
pandarus	10
rescue	10
fortune	10
fancy	10
gore	10
dancing	10
lycian	10
raw	10
hospitably	10
maidens	10
pursue	10
sigh	10
venture	10
playing	10
rent	10
rejoiced	10
youngest	10
beating	10
hippolochus	10
art	10
terror	10
throng	10
blaze	10
played	10
befallen	10
assembled	10
wheels	10
instructions	10
wandering	10
brains	10
slaughter	10
pine	10
bottom	10
voices	10
willing	10
falls	10
advice	10
breathed	10
rear	10
hurrying	10
counsellors	10
neighbour	10
laodamas	10
sacrifices	10
runs	10
homeward	10
upright	10
ambrosial	10
firmament	10
fearful	10
ocean	10
begotten	10
talthybius	10
flat	10
agelaus	10
wake	10
sparta	10
passing	10
handle	10
holds	10
fairest	10
bier	10
layers	10
ewes	10
wool	10
tongues	10
deck	10
ashes	10
icarius	10
ranged	10
hemmed	9
troubled	9
season	9
quietly	9
victorious	9
entrails	9
axe	9
heartily	9
rough	9
shut	9
yellow	9
eyed	9
larger	9
sternly	9
scheming	9
hill	9
meges	9
earnest	9
sisters	9
doorway	9
tops	9
bit	9
footed	9
sincerity	9
pitied	9
bows	9
ashen	9
lately	9
sterns	9
bay	9
laughter	9
enter	9
plan	9
lair	9
kinsmen	9
badly	9
eight	9
dreams	9
scar	9
fawn	9
fountained	9
ivory	9
winter	9
memory	9
insult	9
tells	9
drag	9
peak	9
protection	9
pylians	9
quantity	9
springing	9
closely	9
temples	9
hovered	9
showing	9
kindly	9
falcon	9
gateway	9
wondrous	9
staying	9
eleven	9
throne	9
quarters	9
grace	9
sacred	9
boon	9
smooth	9
depths	9
pole	9
especially	9
fault	9
plunged	9
fields	9
proper	9
evening	9
rejoice	9
guided	9
raising	9
grows	9
bulls	9
runner	9
spreading	9
haired	9
grapes	9
taller	9
peneleos	9
urn	9
euphorbus	9
phemius	9
travelled	9
reigned	9
actor	9
native	9
comfortable	9
wallet	9
vast	9
abide	9
ruled	9
scared	9
cicons	9
least	9
counselled	9
ordered	9
twisted	9
delivered	9
attacking	9
henceforward	9
angrily	9
striking	9
punish	9
stakes	9
telling	9
heap	9
forty	9
strife	9
crossed	9
receive	9
dazed	9
lust	9
trembled	9
javelin	9
sick	9
coast	9
messengers	9
foam	9
aldermen	9
nectar	9
everlasting	9
befall	9
heretofore	9
range	9
stock	9
meantime	9
roasted	9
muses	9
mound	9
avoided	9
powerful	9
farm	9
squires	9
wherein	9
hurl	9
manage	9
rocky	9
behalf	9
reaches	9
lots	9
stag	9
hawsers	9
flower	9
hardest	9
bright	9
gleamed	9
fulfilled	9
accomplished	9
nostrils	9
fathers	9
extreme	9
blast	9
ball	9
cost	9
uprose	9
iphitus	9
pour	9
clothed	9
ceased	9
pressing	9
hated	8
music	8
managed	8
suppliants	8
ambuscade	8
pick	8
doings	8
wings	8
sounding	8
path	8
andromache	8
glared	8
beam	8
adrestus	8
whirlwind	8
fetched	8
endurance	8
lower	8
chains	8
countless	8
hecuba	8
covenants	8
scales	8
precious	8
sallied	8
exceedingly	8
cowardly	8
hurricane	8
aid	8
minos	8
clutched	8
claim	8
reign	8
protesilaus	8
bloody	8
reared	8
losing	8
plumes	8
overtake	8
laying	8
deucalion	8
handled	8
fighters	8
melanippus	8
army	8
beasts	8
darling	8
watching	8
courtyard	8
facing	8
fare	8
liver	8
pouring	8
provide	8
carries	8
turmoil	8
approved	8
beds	8
enamoured	8
listened	8
fenced	8
sailing	8
consult	8
thrace	8
begins	8
flaming	8
perfectly	8
intent	8
chromius	8
month	8
admired	8
goods	8
bless	8
passion	8
heal	8
suppers	8
add	8
hang	8
elders	8
fairly	8
begun	8
suit	8
mouths	8
senses	8
monstrous	8
brandishing	8
eldest	8
possible	8
din	8
quiet	8
settled	8
headland	8
complain	8
manes	8
issue	8
entertained	8
gets	8
skilful	8
stalwart	8
menestheus	8
arming	8
difficulty	8
herbs	8
excelled	8
risen	8
sadly	8
notice	8
fellows	8
hanging	8
tripods	8
lightly	8
gasping	8
thousand	8
load	8
possessions	8
strung	8
sport	8
kills	8
caused	8
late	8
imperishable	8
weak	8
fish	8
disguised	8
boreas	8
firewood	8
piraeus	8
proceed	8
torches	8
herb	8
meadows	8
needs	8
basket	8
brow	8
grim	8
flayed	8
royal	8
pedasus	8
token	8
camped	8
agony	8
mix	8
hurry	8
dishonour	8
boot	8
dug	8
homestead	8
match	8
routed	8
nights	8
disaster	8
meadow	8
dashed	8
sort	8
fleece	8
boars	8
silly	8
beard	8
crashing	8
breathing	8
cauldrons	8
woollen	8
future	8
milked	8
whereby	8
brooding	8
conversation	8
empty	8
sorrowing	8
lain	8
valued	7
alpheus	7
wickedness	7
ashore	7
although	7
screaming	7
fewer	7
parnassus	7
exactly	7
amphimachus	7
tomorrow	7
ended	7
fifth	7
whither	7
loving	7
accord	7
wits	7
kindle	7
decide	7
harder	7
erewhile	7
dreadful	7
erebus	7
root	7
swept	7
start	7
serpent	7
ambush	7
breaks	7
peg	7
big	7
mecisteus	7
flood	7
measure	7
prince	7
happiness	7
unweariable	7
locks	7
boiling	7
doubted	7
simois	7
succeed	7
wonder	7
wasted	7
surpass	7
plough	7
sinews	7
graces	7
prosper	7
eurytus	7
pulled	7
violence	7
idle	7
embraces	7
leathern	7
tasted	7
infant	7
parted	7
kids	7
showered	7
talons	7
stirred	7
search	7
calchas	7
hippothous	7
deliver	7
dues	7
glittering	7
strap	7
knee	7
portions	7
portent	7
beats	7
plate	7
heights	7
godlike	7
granted	7
eupeithes	7
thinks	7
swim	7
wielding	7
amiss	7
reasonably	7
wield	7
horn	7
noman	7
eddying	7
geese	7
worsted	7
handsome	7
anoint	7
openly	7
lays	7
sell	7
ilus	7
stick	7
orderly	7
shrill	7
shooting	7
roast	7
bitterness	7
deer	7
fights	7
charybdis	7
surrounded	7
sacking	7
magnificent	7
beast	7
speeches	7
sensible	7
shaft	7
drives	7
pig	7
snake	7
task	7
taught	7
remains	7
astonished	7
rowing	7
building	7
lesbos	7
exhort	7
ewer	7
hatched	7
clytius	7
deceive	7
sally	7
thousands	7
undone	7
fated	7
entertain	7
orion	7
seventh	7
polypoetes	7
quivering	7
possessed	7
haven	7
rushing	7
pall	7
dived	7
jars	7
thracian	7
recognised	7
somewhere	7
blasts	7
hyrtacus	7
saving	7
hail	7
fashion	7
baskets	7
decreed	7
sudden	7
aiming	7
begged	7
fleetest	7
cowards	7
phaeacian	7
renown	7
murder	7
ancle	7
bargain	7
handmaids	7
swallow	7
rejoicing	7
ringing	7
sufficiently	7
thongs	7
landed	7
compare	7
thanks	7
swam	7
gathering	7
steal	7
heifers	7
phorcys	7
heaviness	7
chryses	7
direction	7
dew	7
perhaps	7
tros	7
heel	7
terribly	7
brunt	7
pillar	7
shrink	7
provisions	7
snowy	7
kindled	7
aesculapius	7
fondly	7
thundered	7
humour	7
attended	7
pretty	7
pavement	7
peers	7
metal	7
savour	7
fearing	7
hunger	7
roared	7
homes	7
polyphemus	7
capaneus	7
worst	7
trusty	7
colour	7
staunch	7
plotting	7
cook	7
foolish	7
everybody	7
elbow	7
flashed	7
generally	7
largest	7
scowled	7
anew	7
usual	7
epeus	7
parts	7
pirithous	7
reaching	7
abroad	7
boeotians	7
garment	7
awarded	7
ash	7
passage	7
finish	7
silent	7
sorts	7
antiphates	7
exchange	6
amends	6
lean	6
ordering	6
swift	6
starting	6
thickest	6
sufficient	6
wasting	6
wisest	6
mycene	6
outright	6
destroyed	6
doubling	6
alcimedon	6
neighbours	6
cooked	6
haunt	6
bringer	6
concerning	6
begat	6
chieftain	6
unable	6
heavenly	6
begrimed	6
beggars	6
pages	6
swerved	6
lusty	6
desperately	6
orsilochus	6
anxious	6
stripping	6
real	6
doughty	6
plague	6
exploit	6
esquire	6
leather	6
marched	6
foals	6
railing	6
mess	6
covering	6
duly	6
glare	6
stars	6
virtue	6
insulted	6
races	6
disc	6
applauded	6
aretus	6
screamed	6
fearfully	6
vex	6
faced	6
fashioned	6
dealt	6
smell	6
thin	6
mycenae	6
dardanian	6
noemon	6
suspected	6
veiled	6
pent	6
hours	6
wagged	6
hunting	6
menacingly	6
burnished	6
greatest	6
lustily	6
caressed	6
oarsmen	6
flashing	6
hoping	6
socus	6
aeaean	6
unyoked	6
steep	6
seashore	6
mail	6
scheria	6
suddenly	6
lid	6
ploughed	6
hoofs	6
keel	6
vine	6
horrid	6
plight	6
feats	6
egyptians	6
headlands	6
stress	6
threatened	6
bloom	6
chasing	6
edge	6
sum	6
slave	6
upbraided	6
tribes	6
rays	6
fold	6
dolops	6
spacious	6
useful	6
sentinels	6
champions	6
snatch	6
pack	6
corslet	6
chide	6
checked	6
greatness	6
scabbard	6
crafty	6
whirling	6
mettle	6
gear	6
returns	6
kinsman	6
athens	6
draws	6
theban	6
web	6
knowing	6
collar	6
sought	6
bloodstained	6
possibly	6
helped	6
drivers	6
hell	6
fires	6
cowardice	6
cyprus	6
vow	6
wondering	6
mansions	6
rulest	6
weather	6
cephallenians	6
deem	6
surprise	6
brings	6
smaller	6
wilderness	6
axle	6
flowers	6
prodigious	6
withdrew	6
bestrode	6
calydon	6
shaggy	6
marvel	6
spent	6
percote	6
recognise	6
lycurgus	6
inland	6
easy	6
bellows	6
begot	6
splendour	6
nobody	6
enjoyed	6
orchard	6
feeble	6
timber	6
remiss	6
peteos	6
watchfires	6
disposition	6
quest	6
greaves	6
intolerable	6
watched	6
basin	6
jagged	6
behests	6
trick	6
zacynthus	6
unmindful	6
hole	6
aged	6
continue	6
forsooth	6
swoops	6
prevail	6
circle	6
boast	6
thicket	6
celebrate	6
tug	6
crouching	6
phylace	6
soaring	6
faster	6
amphimedon	6
ephyra	6
misery	6
pitiable	6
lampus	6
lifting	6
unharmed	6
masters	6
euaemon	6
courts	6
shun	6
erinyes	6
vengeance	6
decorated	6
quaked	6
helm	6
thoon	6
nursed	6
boasting	6
leg	6
torch	6
consent	6
respectable	6
roaring	6
bulwark	6
samos	6
sacrificing	6
breed	6
glut	6
ween	6
prevented	6
sprinkling	6
spoiled	6
thoroughly	6
prepared	6
daunted	6
ogygian	6
opinion	6
starred	6
strongest	6
stung	6
fierceness	6
amongst	6
autumn	6
dishonoured	6
provoke	6
vanquish	6
idea	6
conduct	6
overpowered	6
mightier	6
spot	6
hewn	6
persuaded	6
charmed	6
exhorting	6
different	6
pergamus	6
joint	6
chin	6
slaughtered	6
blowing	6
needlework	6
generations	6
labours	6
leaned	6
sold	6
brain	6
perceived	6
struggling	6
withstand	6
semblance	6
slackness	6
oar	6
restrain	6
awe	6
serious	6
rare	6
scatheless	6
workman	6
burst	6
rudder	6
tended	6
muse	6
choice	6
cheer	6
clasps	6
persist	6
refrain	6
spy	6
slopes	6
shaker	6
fallow	6
oxhide	6
undaunted	6
travel	6
meleager	6
styx	6
sports	6
former	6
implore	6
blinded	6
doves	6
curetes	5
lock	5
dell	5
seek	5
alcmena	5
proved	5
ascalaphus	5
happens	5
scold	5
cubits	5
discord	5
resolved	5
felled	5
climbed	5
pasture	5
behaving	5
daily	5
box	5
bullock	5
megapenthes	5
appeased	5
drug	5
vanished	5
afflictions	5
measures	5
lap	5
deals	5
ago	5
taunt	5
lastly	5
anywhere	5
expecting	5
plans	5
carpenter	5
barren	5
favourite	5
quailed	5
slacken	5
perseus	5
crushed	5
bacchus	5
van	5
wrath	5
rolled	5
hush	5
descent	5
prime	5
eurystheus	5
bedrabbled	5
uneasy	5
pherae	5
appease	5
masts	5
plates	5
leaped	5
feasts	5
herdsman	5
enjoying	5
wakeful	5
tasselled	5
vision	5
idiot	5
lawful	5
hatching	5
ills	5
grazed	5
hippasus	5
thickly	5
sworn	5
key	5
commands	5
shafts	5
dwellers	5
fainting	5
speechless	5
glaring	5
whirlpool	5
breasts	5
serried	5
locrians	5
awoke	5
value	5
dwelling	5
beams	5
gushing	5
echoing	5
watered	5
naked	5
proof	5
bondsmen	5
underneath	5
liked	5
eteoneus	5
shortly	5
victor	5
fortress	5
loin	5
sucking	5
approach	5
beloved	5
woven	5
chain	5
sore	5
scale	5
confident	5
compete	5
shone	5
stomach	5
lyrnessus	5
chests	5
bridal	5
overhanging	5
mysians	5
equitably	5
ruined	5
awake	5
attendant	5
rot	5
baths	5
neritum	5
strange	5
cloth	5
polished	5
trusted	5
declared	5
wax	5
brushwood	5
bravely	5
goatherd	5
dine	5
scream	5
wheeled	5
bitten	5
poplar	5
follows	5
bespattered	5
areithous	5
citadel	5
mansion	5
boxer	5
august	5
corner	5
fools	5
murderer	5
savages	5
desired	5
dried	5
eyebrows	5
flare	5
wrecked	5
jutting	5
rush	5
speeding	5
slaying	5
securely	5
enshrouded	5
leitus	5
battered	5
cyprian	5
hacked	5
crested	5
fraught	5
flank	5
straitly	5
vault	5
cares	5
merry	5
bowels	5
seize	5
bossed	5
scheme	5
deipyrus	5
mocking	5
surf	5
requite	5
ceres	5
pear	5
admirable	5
hunter	5
delicate	5
friendship	5
mood	5
hind	5
strive	5
grasp	5
coverlets	5
seizing	5
brilliant	5
blank	5
alastor	5
shabby	5
phrygia	5
rallied	5
loveliest	5
language	5
vines	5
distaff	5
fence	5
sufferings	5
midriff	5
adventures	5
witnesses	5
spray	5
helper	5
friendly	5
gripped	5
obedient	5
jaw	5
bonds	5
gird	5
skins	5
widow	5
missing	5
pontonous	5
yielded	5
sweating	5
bolt	5
shows	5
necks	5
noblest	5
vixen	5
furrow	5
dispersed	5
boughs	5
grain	5
stays	5
fulfil	5
appearance	5
welled	5
scattered	5
crouched	5
walk	5
duty	5
feeling	5
goblet	5
scare	5
herdsmen	5
rafters	5
wo	5
filth	5
painful	5
kicked	5
hue	5
easier	5
healing	5
bush	5
conveyed	5
rhesus	5
hospitable	5
pangs	5
seed	5
ethiopians	5
fooled	5
weighed	5
charging	5
arisbe	5
split	5
supporting	5
mane	5
tramps	5
hollow	5
tendons	5
cyanus	5
polydorus	5
piteous	5
cupbearer	5
highest	5
disgraceful	5
reviled	5
suspect	5
sweetly	5
brine	5
layer	5
embers	5
blankets	5
misfortune	5
smite	5
certainly	5
prays	5
remembered	5
darter	5
tenedos	5
plunder	5
cheek	5
ctesippus	5
challenged	5
brandished	5
grandson	5
hyperion	5
yearned	5
horned	5
delay	5
axius	5
peoples	5
meets	5
wishes	5
edged	5
scolded	5
gently	5
nearest	5
andraemon	5
nation	5
freely	5
bellowing	5
advantage	5
alarm	5
leonteus	5
lake	5
spurs	5
likewise	5
oracles	5
folded	5
bleating	5
state	5
pestilence	5
wisely	5
athenians	5
finds	5
stately	5
bought	5
attention	5
cheese	5
comfortably	5
bride	5
pelion	5
shepherding	5
conceived	5
antimachus	5
housekeeper	5
bristles	5
eyelids	5
boldly	5
longest	5
jason	5
nt	5
guile	5
ropes	5
games	5
dancers	5
polites	5
headed	5
solemnly	5
entreat	5
torrent	5
hiding	5
thirst	5
winged	5
sheltered	5
payment	5
chryseis	5
fared	5
compass	5
assured	5
anyone	5
stooped	5
refused	5
deeply	5
manhood	5
sorrowful	5
ormenus	5
shamed	5
paeeon	5
chryse	5
despair	5
glades	5
terrific	5
ingloriously	5
dove	5
quenched	5
busied	5
stratagem	5
courses	5
treasures	5
orchomenus	5
embroidered	5
stopped	5
stool	5
dinners	5
arrayed	5
torrents	5
invite	5
citizens	5
thong	5
duties	5
tossed	5
somebody	5
drugged	5
wherefore	5
grudge	5
grinding	5
harassed	5
brows	5
encouraging	5
cavern	5
willed	5
speaker	5
clouded	5
riches	5
fastens	5
flowed	5
trembling	5
cow	5
farewell	5
grip	5
javelins	5
arceisius	5
ahead	5
wrap	5
straits	5
halitherses	5
surprised	5
monument	5
wiped	5
aggrieved	5
direct	5
stir	5
pleases	5
thunderbolts	5
writhing	5
timbers	5
harvest	5
dodona	5
tusks	5
dirty	5
faces	5
wayfarer	5
highways	5
robes	5
lycomedes	5
solid	5
reap	5
adamas	5
thesprotians	5
hurly	4
bleeding	4
cythera	4
almighty	4
defended	4
plaited	4
hearers	4
bellies	4
eurybates	4
restore	4
cleansed	4
stockyard	4
contrive	4
waist	4
bounded	4
afforded	4
engage	4
considering	4
wields	4
stretching	4
severally	4
alarmed	4
belonging	4
absent	4
balanced	4
luscious	4
pulling	4
names	4
instant	4
corpse	4
jackals	4
lash	4
naiad	4
pelian	4
port	4
fails	4
continued	4
plank	4
polyctor	4
private	4
stretch	4
pisenor	4
silently	4
sharpened	4
closer	4
straw	4
opening	4
omened	4
cables	4
shudder	4
swollen	4
scout	4
avenged	4
acropolis	4
twentieth	4
favoured	4
graceful	4
groan	4
general	4
forbid	4
relieve	4
assumed	4
devised	4
spared	4
perched	4
radiant	4
forestays	4
reconnoitre	4
shoots	4
waster	4
encouraged	4
wrestling	4
zephyrus	4
committed	4
anchialus	4
centre	4
toward	4
deserted	4
bare	4
tide	4
household	4
covert	4
pledged	4
defending	4
limping	4
admetus	4
bears	4
dirt	4
dishonouring	4
remind	4
themis	4
yielding	4
righteous	4
charms	4
clytemnestra	4
poplars	4
faint	4
styes	4
surpassing	4
offence	4
herding	4
contumely	4
measured	4
possession	4
moored	4
firmly	4
dash	4
retreating	4
despise	4
newly	4
brawling	4
guiltless	4
endure	4
eased	4
kingdom	4
wounding	4
discover	4
confidence	4
reserve	4
expected	4
flakes	4
projecting	4
evermore	4
uncle	4
longed	4
phoceans	4
fiery	4
physician	4
stepped	4
amphitrite	4
beguiled	4
victuals	4
eagerness	4
conducted	4
filling	4
grave	4
pork	4
sets	4
respite	4
shrewd	4
permit	4
scouts	4
matrons	4
knife	4
detained	4
anvil	4
weal	4
nausithous	4
declare	4
fact	4
steadily	4
implacable	4
almost	4
vainly	4
clotted	4
enops	4
cliffs	4
treachery	4
simoeisius	4
misadventure	4
pursued	4
knocked	4
faithful	4
sprinkled	4
hiketaon	4
pheidon	4
winnowing	4
reckoning	4
lured	4
rings	4
lighted	4
branches	4
lamb	4
clothing	4
forgive	4
bearded	4
rude	4
wearing	4
taunts	4
eaters	4
bending	4
threats	4
refreshed	4
swiftest	4
hebe	4
lords	4
sorrowfully	4
brooded	4
braziers	4
quoit	4
calm	4
bond	4
owner	4
madman	4
allow	4
plumed	4
aforetime	4
ewe	4
vessels	4
muttered	4
desert	4
cadmeans	4
proofs	4
sulphur	4
exulting	4
taphians	4
buy	4
stowed	4
stolen	4
reeled	4
supreme	4
hastened	4
starry	4
shovel	4
vaunting	4
nearing	4
whiter	4
sprung	4
read	4
plume	4
charm	4
damages	4
gnawing	4
brimstone	4
channels	4
soundly	4
brazen	4
rules	4
track	4
roughly	4
convulsively	4
eurymedon	4
hungry	4
fawns	4
crews	4
avail	4
copper	4
diores	4
changing	4
bootless	4
chalcis	4
precincts	4
thunders	4
ino	4
notion	4
mulius	4
entrance	4
curious	4
harbours	4
recover	4
richest	4
ascends	4
dwells	4
imbrius	4
talked	4
swell	4
betters	4
reigns	4
refuge	4
skilfully	4
wherewith	4
drowned	4
uncivilised	4
goal	4
gainsaid	4
phylacus	4
pitiless	4
information	4
heir	4
pains	4
craft	4
sunset	4
prophecy	4
dung	4
accomplishments	4
glistened	4
damastor	4
admiration	4
bondage	4
lowing	4
darting	4
destroying	4
careful	4
advanced	4
baby	4
strain	4
insist	4
humane	4
burly	4
glade	4
severed	4
hack	4
recall	4
shift	4
suited	4
tamarisk	4
packed	4
unfortunate	4
acceptable	4
selleis	4
captives	4
admire	4
propriety	4
hearty	4
starving	4
streets	4
niobe	4
warn	4
whit	4
delight	4
steps	4
aesopus	4
fasten	4
hopes	4
lined	4
singularly	4
bestride	4
incessant	4
becomes	4
subjection	4
shines	4
concealed	4
bend	4
trito	4
nigh	4
giver	4
chopping	4
propose	4
wandered	4
honesty	4
discretion	4
landing	4
panopeus	4
brooch	4
pretext	4
whichever	4
disabled	4
nursing	4
laodice	4
works	4
sundown	4
slack	4
thirsting	4
heaps	4
spur	4
affliction	4
promises	4
thesprotian	4
bolts	4
nose	4
forbidden	4
hardships	4
shewed	4
cap	4
quarrelled	4
sallies	4
thebe	4
pleuron	4
brag	4
echius	4
bounding	4
rescued	4
mace	4
chattering	4
tail	4
explain	4
content	4
stroke	4
steam	4
enraged	4
soiled	4
thunderbolt	4
clasp	4
archers	4
hilt	4
pace	4
saffron	4
socket	4
ford	4
hears	4
buildings	4
imposing	4
secretly	4
grieves	4
slow	4
spercheius	4
promising	4
awaits	4
imbrus	4
motion	4
euboea	4
mentes	4
proetus	4
elpenor	4
holes	4
healed	4
wealthy	4
theano	4
blazing	4
lard	4
twelfth	4
philoctetes	4
talent	4
rests	4
incline	4
merman	4
worms	4
morn	4
debt	4
thrinacian	4
undertake	4
tricks	4
folk	4
imploring	4
souls	4
chiron	4
iasus	4
incensed	4
consumed	4
commander	4
follower	4
lack	4
firstling	4
horizon	4
iphidamas	4
alcathous	4
finer	4
wage	4
traveller	4
loves	4
throws	4
keepsake	4
stead	4
womb	4
upbraid	4
descended	4
pull	4
comeliness	4
wretched	4
breeze	4
strict	4
choicest	4
merely	4
rushes	4
tied	4
laugh	4
consummate	4
vie	4
nations	4
shameless	4
renowned	4
thestor	4
freed	4
suckled	4
tremble	4
alcimus	4
wished	4
devouring	4
logs	4
sprawling	4
faring	4
piercing	4
perforce	4
envoy	4
barbed	4
desolate	4
apple	4
infuriated	4
wielded	4
knights	4
struggle	4
huntsmen	4
shrouded	4
preparing	4
phoenicians	4
heavier	4
bark	4
husbands	4
trusting	4
eddies	4
leiodes	4
daylight	4
rail	4
established	4
rally	4
strains	4
tattered	4
melancholy	4
rug	4
sheepskins	4
traders	4
dealing	4
shirking	4
hideous	4
oppressed	4
heading	4
crowned	4
allowed	4
wreck	4
await	4
determine	4
rope	4
dismissed	4
asks	4
sanctuary	4
whining	4
wander	4
proteus	4
unloose	4
rows	4
awaiting	4
pytho	4
flinging	4
woo	4
tilled	4
ridges	4
spitted	4
outrage	4
likes	4
chaff	4
buprasium	4
thirteen	4
eighth	4
unjust	4
trap	4
courting	4
attending	4
determined	4
propped	4
slung	4
fore	4
elsewhither	4
errand	4
roll	4
diocles	4
smart	4
fright	4
bedizened	4
spin	4
patient	4
devise	4
overthrew	3
incessantly	3
freighted	3
othryoneus	3
hook	3
owners	3
bite	3
delayed	3
enmity	3
striving	3
offended	3
unseen	3
smiling	3
tawny	3
satnioeis	3
enormous	3
podarces	3
buttock	3
pitiful	3
floored	3
hugely	3
plains	3
sticks	3
upland	3
lycon	3
squealing	3
drenched	3
rivets	3
serving	3
cyllene	3
oats	3
cauconians	3
stride	3
sunrise	3
footsteps	3
act	3
anointing	3
criers	3
baneful	3
solymi	3
booty	3
revealed	3
practice	3
countries	3
bosses	3
scent	3
goad	3
discs	3
earn	3
sheets	3
source	3
epistrophus	3
removing	3
bar	3
unbroken	3
carcase	3
stichius	3
plying	3
foiled	3
bias	3
stable	3
sickness	3
treading	3
tumult	3
evils	3
swoon	3
abhorred	3
insatiable	3
cliff	3
meonia	3
briseus	3
bespangled	3
restored	3
nerve	3
spinning	3
hasting	3
slayers	3
reft	3
rotted	3
plied	3
eurydamas	3
mooring	3
den	3
fares	3
loins	3
brass	3
perform	3
odius	3
brief	3
revenged	3
quicker	3
affairs	3
fruits	3
exquisite	3
gorges	3
eighteenth	3
tune	3
aethe	3
stepmother	3
coon	3
founded	3
scatter	3
exile	3
rhodes	3
wipe	3
wicker	3
skinned	3
delicious	3
decrees	3
wealthiest	3
graze	3
dozen	3
jealous	3
shrank	3
whithers	3
betides	3
temper	3
submit	3
amphidamas	3
summons	3
sponges	3
echetus	3
astride	3
enclosed	3
dividing	3
barking	3
browed	3
halted	3
ditch	3
pastures	3
masterfully	3
hip	3
twice	3
forgo	3
reconciled	3
overwhelmed	3
sleeps	3
stubborn	3
vaunts	3
homed	3
libya	3
weakling	3
pens	3
supported	3
suspicious	3
cleitus	3
happily	3
mire	3
promachus	3
cooking	3
wreath	3
useless	3
disquieted	3
lets	3
fingers	3
swaggering	3
girls	3
flows	3
ereuthalion	3
swarm	3
mass	3
fruitful	3
widowed	3
happening	3
reigning	3
gladden	3
encourage	3
shuttle	3
altars	3
scyros	3
assail	3
hills	3
binding	3
borders	3
tracks	3
attendance	3
softly	3
hog	3
sunlight	3
cracked	3
theseus	3
relieved	3
dumb	3
kindness	3
beings	3
forgot	3
depart	3
reproach	3
bliss	3
fears	3
explained	3
contented	3
nodding	3
ye	3
occasion	3
elder	3
moons	3
frowning	3
sidon	3
invited	3
plausible	3
orator	3
grudged	3
unman	3
aetolian	3
clever	3
eminent	3
babble	3
gibing	3
clung	3
leaping	3
amber	3
starts	3
ruthless	3
rises	3
robbers	3
formal	3
anybody	3
cable	3
shocked	3
rooms	3
ages	3
placus	3
channel	3
torchlight	3
gorgon	3
marries	3
stitches	3
dauntless	3
position	3
cos	3
deprived	3
undressed	3
crook	3
strongly	3
battering	3
naturally	3
reverence	3
pelasgi	3
callicolone	3
gloriously	3
pities	3
columns	3
phantom	3
pelias	3
rods	3
club	3
pins	3
gilding	3
enriched	3
hissed	3
phegeus	3
seduced	3
seethed	3
foretell	3
preventing	3
fitting	3
thereafter	3
maddened	3
departed	3
beacon	3
wondered	3
rend	3
principal	3
chided	3
downwards	3
endow	3
haunts	3
distinction	3
asphodel	3
spun	3
wreathed	3
tyro	3
flashes	3
prophesyings	3
lowest	3
sheet	3
someone	3
portentous	3
spurred	3
unrecorded	3
tough	3
madly	3
inwardly	3
palm	3
gorging	3
clansmen	3
farthest	3
worry	3
iphiclus	3
polyidus	3
disgraced	3
actually	3
breakfast	3
fulfilment	3
domed	3
brink	3
bowstring	3
resting	3
dull	3
spit	3
peirous	3
chill	3
bedding	3
shady	3
truest	3
action	3
plunge	3
rhadamanthus	3
horsemanship	3
meed	3
fringe	3
hussies	3
belief	3
pails	3
train	3
pylus	3
dangerous	3
visible	3
hoisted	3
slipped	3
paved	3
groves	3
sirs	3
battles	3
gainsay	3
fully	3
sixty	3
aegae	3
paphlagonians	3
breaker	3
buffet	3
thyestes	3
searching	3
paunch	3
tumbled	3
comforted	3
otus	3
prothoenor	3
spoiling	3
astyanax	3
declares	3
cranes	3
pelegon	3
herbage	3
lawless	3
huddled	3
walked	3
helmsman	3
grassy	3
counselling	3
impregnable	3
grasping	3
proves	3
magician	3
marvellous	3
lightnings	3
festival	3
despite	3
denied	3
nevermore	3
fixing	3
captivity	3
thersites	3
lasted	3
drags	3
overboard	3
amphion	3
palms	3
disobey	3
yearling	3
phoenician	3
skull	3
slinks	3
fishing	3
isus	3
delightful	3
warp	3
stables	3
wrangle	3
devoted	3
scaled	3
worthless	3
egyptian	3
striding	3
enshroud	3
roasting	3
quality	3
ornament	3
flinching	3
unburied	3
heaping	3
liquor	3
penned	3
overheard	3
overhead	3
lookout	3
stole	3
soot	3
memories	3
peril	3
fruitless	3
shamefaced	3
cnossus	3
jutted	3
phaenops	3
dies	3
altes	3
bustling	3
joints	3
marshalled	3
utter	3
befell	3
smashed	3
leaf	3
lashes	3
fasting	3
astounded	3
hunt	3
whereupon	3
bounteous	3
pondering	3
periboea	3
fraud	3
echeclus	3
reader	3
adorned	3
tamely	3
wronged	3
envoys	3
sunshine	3
ravaged	3
morsel	3
rumour	3
valuable	3
malicious	3
prudent	3
fleetness	3
burial	3
undid	3
prating	3
chooses	3
oldest	3
owing	3
pigeon	3
distressed	3
onslaught	3
rowed	3
unpick	3
gild	3
contradicts	3
aloeus	3
gracious	3
bellowed	3
especial	3
meals	3
sicel	3
diving	3
raid	3
peneus	3
phoenicia	3
added	3
athletic	3
precipice	3
inherit	3
march	3
ails	3
realm	3
fowl	3
pleasantly	3
contention	3
kin	3
clashed	3
haply	3
stirring	3
neglecting	3
counted	3
paeonian	3
frame	3
breeds	3
protector	3
trace	3
stringing	3
currents	3
offers	3
waxed	3
boldness	3
wisdom	3
lapithae	3
folding	3
regard	3
ilioneus	3
hyacinth	3
trickster	3
constantly	3
threshing	3
phaestus	3
crept	3
concealment	3
beached	3
grants	3
righteously	3
tight	3
insatiate	3
file	3
gladdened	3
danced	3
escorts	3
famished	3
hug	3
prosperity	3
detest	3
spirited	3
brute	3
quench	3
achieved	3
fearless	3
deftly	3
laestrygonians	3
ennomus	3
oh	3
success	3
fills	3
drifted	3
valleys	3
cheeses	3
woods	3
butt	3
freedom	3
amphitryon	3
askance	3
inclined	3
storms	3
walks	3
missiles	3
hare	3
reward	3
climbing	3
cowering	3
forests	3
indulging	3
clymene	3
laestrygonian	3
tidings	3
subject	3
mantles	3
succour	3
scandal	3
furled	3
bide	3
hypereia	3
egged	3
dancer	3
mistake	3
actual	3
huddle	3
atlas	3
sidonians	3
deliverance	3
girt	3
ally	3
beech	3
peacefully	3
studied	3
encamped	3
schedius	3
male	3
ordained	3
builder	3
malea	3
lag	3
windy	3
evenor	3
waning	3
cower	3
climb	3
chalice	3
versed	3
hey	3
smiting	3
flitted	3
selves	3
pained	3
ortilochus	3
dismounted	3
natural	3
curved	3
fleeces	3
crushing	3
sheen	3
hanged	3
obedience	3
peasants	3
misconducted	3
escorted	3
justice	3
lording	3
discomfited	3
congratulate	3
utterance	3
champing	3
earlier	3
ravening	3
unspeakable	3
tossing	3
tire	3
infused	3
gull	3
incite	3
winning	3
shape	3
hire	3
swoop	3
staircase	3
untimely	3
ilithuia	3
trident	3
contests	3
wakes	3
assemblies	3
everyone	3
vineyards	3
considered	3
advising	3
mould	3
retired	3
cisses	3
overshadow	3
hates	3
flattering	3
realms	3
tools	3
helice	3
spouse	3
whirled	3
punished	3
subtlety	3
stillness	3
catching	3
inflict	3
salute	3
struggles	3
scoured	3
pelasgian	3
therein	3
boxing	3
castor	3
owned	3
scorn	3
hindering	3
trained	3
nests	3
ponder	3
consume	3
reeds	3
heaved	3
steadfast	3
thronged	3
puts	3
design	3
abuse	3
haemon	3
defiance	3
notch	3
overthrown	3
tempt	3
multitudes	3
enthralled	3
smith	3
remarkable	3
bruised	3
catches	3
engagement	3
drops	3
oracle	3
propitiate	3
swimming	3
bags	3
gargarus	3
councils	3
lamented	3
meonians	3
breathe	3
mud	3
assistance	3
vows	3
braggart	3
tightly	3
neoptolemus	3
ivy	3
gibe	3
befriend	3
huntress	3
navel	3
phalanxes	3
shrift	3
bounds	3
tithonus	3
quells	3
sharing	3
furs	3
brewing	3
forecourt	3
bragging	3
nisus	3
besmirched	3
handsomest	3
blossoms	3
bearer	3
visor	3
erinys	3
pandareus	3
desires	3
interrupted	3
approaching	3
painless	3
archery	3
pin	3
readiness	3
visitors	3
carver	3
stiff	3
veins	3
perimedes	3
bellow	3
net	3
devices	3
wended	3
boded	3
using	3
pits	3
implored	3
brood	3
bees	3
runners	3
sandy	3
aphareus	3
oenomaus	3
noted	3
girdles	3
loudest	3
reddened	3
weaving	3
swayed	3
tambour	3
bursting	3
resounded	3
cassandra	3
essay	3
abydos	3
punishes	3
exhorted	3
rein	3
ruing	3
abounding	3
exhaustion	3
farms	3
slip	3
befriends	3
prophesied	3
panting	3
indomitable	3
smirched	3
crowded	3
maiden	3
augeas	3
overshadowed	3
harshly	3
crethon	3
miserably	3
unyielding	3
personal	3
failing	3
contending	3
whomsoever	3
troops	3
credit	3
dione	3
crooked	3
inferior	3
wheeling	3
insisted	3
whatsoever	3
strained	3
periphas	3
mend	3
pheres	3
thirty	3
abides	3
view	3
spilt	3
steeped	3
otrynteus	3
courtesy	3
leap	3
fro	3
dares	3
aft	3
cunningly	3
purify	3
grateful	3
knock	3
lordly	3
sweeter	3
cured	3
abantes	3
dyed	3
ruth	3
profit	3
insulting	2
menaced	2
joining	2
noised	2
cooped	2
waking	2
re	2
feeds	2
demoptolemus	2
albeit	2
steersmen	2
bored	2
mate	2
performing	2
ferret	2
carcass	2
tournament	2
pelops	2
outvie	2
hammer	2
neighing	2
slaves	2
glance	2
extremely	2
fellowship	2
glorified	2
borus	2
guilt	2
suggestions	2
cephissus	2
staggered	2
tresses	2
railer	2
rescuing	2
fuel	2
urges	2
stilled	2
arcadians	2
ties	2
prompted	2
fists	2
polypheides	2
victim	2
confirm	2
astynous	2
robbing	2
furthest	2
grazing	2
peopled	2
horrors	2
shades	2
prophesying	2
grovelled	2
swathe	2
sisyphus	2
chios	2
shipwright	2
instruct	2
iniquity	2
breastplates	2
suitable	2
disregard	2
pool	2
compelled	2
melantho	2
hits	2
passenger	2
atonement	2
heedless	2
patiently	2
clamour	2
ninety	2
wantonness	2
roving	2
boxers	2
difficult	2
deserve	2
tecton	2
hawks	2
alalcomene	2
intended	2
wrestled	2
unaided	2
tread	2
elated	2
clutching	2
curses	2
flit	2
branch	2
disturb	2
chalk	2
anthea	2
wrists	2
buffeted	2
appear	2
maniac	2
amuse	2
cleanse	2
boasted	2
taunting	2
shy	2
crossing	2
delivers	2
fishermen	2
escaping	2
lairs	2
cure	2
minstrels	2
retire	2
miller	2
dearer	2
howbeit	2
mariners	2
spell	2
safeguard	2
hindermost	2
withes	2
trough	2
spunging	2
wildfire	2
specially	2
bachelors	2
crime	2
encircler	2
thread	2
reveals	2
curls	2
serene	2
travelling	2
troublesome	2
phylo	2
pry	2
debate	2
barbs	2
eioneus	2
helpers	2
echoed	2
wrestle	2
baulked	2
afield	2
muscles	2
fastenings	2
aethon	2
stratagems	2
lesbians	2
conference	2
echeneus	2
indignant	2
instinctive	2
foolishly	2
augur	2
rattled	2
commanding	2
decked	2
scolding	2
yearning	2
daws	2
sternness	2
digging	2
balance	2
bubbling	2
brighter	2
lelegae	2
crowds	2
neglected	2
pyrasus	2
reckon	2
questioned	2
cheeked	2
nature	2
oozing	2
banqueting	2
wanton	2
guilty	2
consideration	2
size	2
serviceable	2
clans	2
infancy	2
convincing	2
bodes	2
chattels	2
farther	2
oared	2
talaus	2
thicknesses	2
pelagon	2
shouts	2
pining	2
female	2
bridge	2
surged	2
arne	2
clothe	2
jut	2
philomeleides	2
height	2
entangled	2
whey	2
anon	2
tiring	2
faith	2
prowling	2
starved	2
timid	2
object	2
supple	2
waged	2
tease	2
phronius	2
gaia	2
testimony	2
govern	2
clash	2
areilycus	2
chafes	2
enthroned	2
eighty	2
count	2
flay	2
sangarius	2
tassels	2
assuredly	2
gossamer	2
plainness	2
aegyptus	2
continual	2
showers	2
paths	2
banquets	2
roadside	2
hull	2
quickened	2
outlaw	2
offending	2
hecamede	2
hawk	2
hermione	2
gardener	2
furnace	2
parched	2
dymas	2
spine	2
stubble	2
greaved	2
pteleum	2
separately	2
smashing	2
uncovered	2
aeolian	2
melampus	2
aetolia	2
agastrophus	2
hem	2
devil	2
impatient	2
dower	2
drugs	2
leiocritus	2
leucus	2
mishap	2
sweated	2
earrings	2
eleventh	2
recked	2
commit	2
eudorus	2
excellently	2
eventually	2
supped	2
uttered	2
judges	2
magnificently	2
afflicted	2
anxiety	2
exploits	2
pollux	2
pylian	2
swarming	2
threat	2
sever	2
archeptolemus	2
withdraw	2
plead	2
neighbouring	2
slowly	2
overthrow	2
carcasses	2
impossible	2
enrich	2
rotting	2
shifted	2
scoundrels	2
dock	2
beware	2
paeon	2
pant	2
centaurs	2
divides	2
security	2
claiming	2
iardanus	2
jar	2
resentment	2
snapped	2
staves	2
towns	2
lengthways	2
brimming	2
vase	2
cardamyle	2
arrangement	2
euchenor	2
ariadne	2
gloom	2
mangers	2
brands	2
bravery	2
batten	2
sings	2
apology	2
wooed	2
naubolus	2
chopped	2
counting	2
experience	2
embroidering	2
summoned	2
outwit	2
pomegranates	2
highly	2
pillaged	2
piled	2
forwards	2
voyages	2
swineherds	2
accounted	2
laogonus	2
maeon	2
plundered	2
situation	2
wolf	2
minstrel	2
arrival	2
praise	2
sheds	2
unarmed	2
whitened	2
belongs	2
instance	2
wilfully	2
hailed	2
polynices	2
tongued	2
require	2
moliones	2
pit	2
marshalling	2
embroidery	2
crowning	2
premises	2
essayed	2
vile	2
skies	2
tremendous	2
aright	2
augurs	2
hereabouts	2
snare	2
amount	2
broader	2
noticed	2
goatskin	2
hoped	2
plotted	2
breakers	2
toils	2
sacrificial	2
aesepus	2
nape	2
wastes	2
carpet	2
sponge	2
forbids	2
drying	2
upshot	2
eels	2
zelea	2
interesting	2
hoar	2
podes	2
groans	2
worshipped	2
steeled	2
whiten	2
astonishment	2
lazy	2
bowing	2
greeting	2
offices	2
lagging	2
swans	2
pears	2
conceive	2
wrangling	2
continent	2
flaring	2
rely	2
headstrong	2
phrygians	2
elatreus	2
corslets	2
ophelestes	2
resource	2
casks	2
gygaean	2
notwithstanding	2
forefront	2
uncared	2
lonely	2
reminds	2
hindrance	2
swine	2
mothers	2
favourably	2
hussy	2
asunder	2
virtues	2
generation	2
block	2
typhoeus	2
recognises	2
pacify	2
rid	2
aepea	2
communities	2
nearer	2
shower	2
dun	2
acres	2
triumphant	2
spells	2
prothous	2
resounds	2
taphian	2
thirds	2
cobwebs	2
gusts	2
distressing	2
subtle	2
righteousness	2
wooden	2
apeira	2
zeal	2
balius	2
threaten	2
chambers	2
peirithous	2
sighing	2
sickles	2
divers	2
soothsayer	2
foreigners	2
pieria	2
budge	2
thief	2
shade	2
vigour	2
robs	2
raiding	2
tmolus	2
largely	2
mien	2
visored	2
relied	2
hippotion	2
hammering	2
clapped	2
bowman	2
worker	2
podargus	2
poppy	2
naiads	2
embarked	2
lifeless	2
huntsman	2
fastest	2
thereof	2
allotted	2
beguile	2
baldric	2
bygones	2
precipices	2
dam	2
listens	2
provided	2
furnished	2
reminded	2
sling	2
unwilling	2
bandying	2
favourable	2
bards	2
anthemion	2
writhed	2
exposed	2
perishing	2
heavenwards	2
unfastened	2
adrastus	2
crowding	2
lady	2
archelochus	2
overtook	2
shunning	2
greet	2
flash	2
successful	2
outlines	2
hale	2
refreshment	2
suffuse	2
glutton	2
hyperenor	2
bucolion	2
pilots	2
luring	2
contains	2
isander	2
steadfastly	2
iasion	2
spitting	2
poisonous	2
pendants	2
misconducting	2
thootes	2
guardians	2
angel	2
visited	2
persuading	2
mindful	2
exhausted	2
fates	2
severe	2
event	2
boys	2
gazed	2
poorly	2
orb	2
violated	2
assaracus	2
cubit	2
bedight	2
diverted	2
hypeirochus	2
prevaricate	2
foretold	2
outcast	2
guarded	2
listening	2
crimson	2
destiny	2
unrighteous	2
punishment	2
covers	2
titans	2
bathycles	2
scouring	2
festivities	2
crystal	2
athletes	2
ops	2
sweethearts	2
ripped	2
arcesilaus	2
phalces	2
pleiads	2
matched	2
entertaining	2
freshly	2
phorbas	2
recollection	2
stump	2
preside	2
nurtured	2
bolted	2
shoo	2
address	2
loading	2
rapid	2
throes	2
tethys	2
harnessing	2
disease	2
blest	2
radiance	2
informed	2
swung	2
sulkily	2
accurately	2
terms	2
bestridden	2
warned	2
grievous	2
ebb	2
beguiling	2
jointed	2
weltering	2
angles	2
concert	2
thirdly	2
bereft	2
waggons	2
examined	2
reek	2
pramnian	2
perceive	2
ride	2
severs	2
invoked	2
cudgel	2
boisterous	2
hypsenor	2
therewith	2
oaken	2
cairn	2
detaining	2
blameless	2
spearman	2
jeering	2
deny	2
stave	2
hyle	2
arene	2
rulers	2
recklessness	2
wrongs	2
legged	2
laodocus	2
marrying	2
thole	2
afford	2
increase	2
singlehanded	2
despairingly	2
glow	2
withdrawn	2
contain	2
dislike	2
laothoe	2
stouter	2
ripple	2
pasithea	2
idly	2
illness	2
amphiaraus	2
rhexenor	2
heeding	2
nastes	2
wrack	2
exit	2
pyraechmes	2
calves	2
outermost	2
woolly	2
tugged	2
apartments	2
cadmus	2
cisterns	2
advantageous	2
unborn	2
seal	2
harpalion	2
active	2
dirge	2
gibbering	2
swarms	2
swooped	2
reapers	2
weighs	2
honours	2
enriches	2
amphialus	2
hum	2
willows	2
enchanting	2
amydon	2
pirates	2
avoiding	2
binders	2
ploughing	2
ichor	2
shingle	2
enveloped	2
dwellest	2
chrysothemis	2
behave	2
floods	2
needed	2
lampetie	2
daunt	2
leisure	2
majesty	2
meeds	2
seaside	2
wielder	2
autonous	2
refusing	2
rested	2
hangs	2
folds	2
prison	2
offend	2
whirl	2
bye	2
addressing	2
unblended	2
soften	2
runaway	2
summit	2
vitals	2
pronged	2
manure	2
fountains	2
contended	2
harness	2
gatherings	2
adrift	2
remove	2
enfolded	2
ortygia	2
hunched	2
tamer	2
spotted	2
vantage	2
edges	2
marine	2
accompanied	2
narrowly	2
disturbed	2
subjects	2
delicately	2
numberless	2
report	2
respecting	2
upset	2
receiving	2
equitable	2
grovelling	2
quake	2
bedroom	2
podalirius	2
fainted	2
unsupported	2
inhabitants	2
ventured	2
preceding	2
toiled	2
walled	2
warring	2
paeonia	2
overarching	2
simpleton	2
convoyed	2
sows	2
cape	2
woodmen	2
importunate	2
pestering	2
boss	2
phylas	2
apples	2
stem	2
scamandrius	2
shipwreck	2
attacks	2
unblemished	2
firebrand	2
forage	2
cajoled	2
avenger	2
pledging	2
sloth	2
price	2
twilight	2
facile	2
beads	2
performed	2
hyperesia	2
acquit	2
pore	2
moderation	2
spearsmen	2
elms	2
disdain	2
doubting	2
tighter	2
learned	2
podarge	2
giants	2
midday	2
exchanged	2
bluster	2
remarks	2
handles	2
caletor	2
crows	2
betray	2
ctimene	2
platters	2
neglect	2
alder	2
fathom	2
clytoneus	2
smiths	2
usually	2
filthy	2
blemish	2
mesthles	2
liars	2
stories	2
attendants	2
winners	2
tempts	2
garlands	2
confound	2
oechalia	2
alcmaon	2
twins	2
pause	2
cedar	2
wriggling	2
songs	2
levelled	2
embassy	2
chastise	2
stepping	2
gorgeous	2
scant	2
fatherless	2
vesture	2
inclines	2
considerable	2
lethus	2
minstrelsy	2
twinkling	2
unwounded	2
rival	2
watering	2
lover	2
escorting	2
exquisitely	2
massive	2
sanction	2
lyctus	2
rancour	2
oenops	2
suggestion	2
warlike	2
treatment	2
waxing	2
goings	2
ranges	2
demands	2
forenoon	2
threatening	2
foreigner	2
unyoke	2
divined	2
convened	2
straightway	2
buzz	2
poisons	2
observe	2
pattern	2
shipwrights	2
unmolested	2
frenzied	2
pylaemenes	2
prate	2
shroud	2
gnashing	2
handiwork	2
inches	2
baggage	2
molus	2
abominable	2
iphianassa	2
inhabited	2
estates	2
mangled	2
brides	2
tarrying	2
attempt	2
selling	2
rubbing	2
sintians	2
adding	2
custom	2
harass	2
rightly	2
bestir	2
cargo	2
shifty	2
bleak	2
recklessly	2
displease	2
anguish	2
epicles	2
carians	2
distraught	2
obeying	2
dowered	2
errands	2
throats	2
iamenus	2
halves	2
untrue	2
nonsense	2
swarmed	2
glorify	2
waved	2
disturbance	2
treats	2
despoil	2
sapling	2
valorously	2
stealing	2
sweetness	2
perfect	2
titaresius	2
boyhood	2
difference	2
vied	2
repose	2
seemly	2
stratius	2
wain	2
feckless	2
owe	2
divinely	2
ebbed	2
goodness	2
removed	2
discontent	2
prisoners	2
figs	2
hindmost	2
behaved	2
prodigies	2
darkened	2
relief	2
prow	2
complaining	2
repaid	2
vying	2
foundations	2
captive	2
excuse	2
tasks	2
quail	2
cilicians	2
bars	2
mash	2
hapless	2
nimble	2
aulis	2
opoeis	2
crush	2
mydon	2
marble	2
strikes	2
welfare	2
scourge	2
hie	2
remorseless	2
carnage	2
argue	2
hobbled	2
wayside	2
guilds	2
advancing	2
starlings	2
namely	2
masterful	2
pondered	2
ointments	2
cypress	2
minister	2
elude	2
marpessa	2
iphicles	2
liar	2
fawned	2
perjure	2
stewards	2
mock	2
brim	2
sepulchre	2
vent	2
welling	2
acquainted	2
cretheus	2
satisfy	2
hiss	2
forgave	2
site	2
throned	2
ialmenus	2
cared	2
marrow	2
foreland	2
stalks	2
opheltius	2
famine	2
thersilochus	2
breadth	2
risk	2
shares	2
owns	2
whistled	2
necessity	2
wrestlers	2
ruthlessly	2
continues	2
wager	2
suspecting	2
gained	2
vowing	2
apartment	2
menesthius	2
tunics	2
hungering	2
panther	2
mesaulius	2
avenging	2
sole	2
ascanius	2
affect	2
iolcus	2
maidservants	2
retreated	2
litter	2
celebrated	2
quivered	2
arranged	2
letters	2
hearkened	2
woeful	2
dire	2
mynes	2
dining	2
visits	2
sustained	2
flings	2
ordinances	2
twin	2
aesyetes	2
amazons	2
calls	2
deceiving	2
sighs	2
chalcodon	2
priceless	2
wasps	2
invincible	2
knob	2
secure	2
rages	2
sweeps	2
healer	2
haled	2
clonius	2
forbade	2
baser	2
fix	2
remaining	2
propitiating	2
current	2
resolute	2
wring	2
enope	2
vomited	2
tongs	2
remedy	2
weakest	2
plucked	2
valleyed	2
harbinger	2
honest	2
companion	2
gallop	2
bellied	2
noose	2
applaud	2
haling	2
thereto	2
spreads	2
schemed	2
proposes	2
paeonians	2
rights	2
haunted	2
swart	2
scandalised	2
alongside	2
nereus	2
trooping	2
unwashed	2
riot	2
justly	2
tartarus	2
salamis	2
soothe	2
innermost	2
seaward	2
dazzling	2
saluting	2
vowed	2
divination	2
unwaked	2
pigstye	2
oicleus	2
clamorous	2
eriopis	2
welcomed	2
lawns	2
tyres	2
deeming	2
disfigured	2
helos	2
odds	2
aretias	2
taunted	2
blubbering	2
scud	2
olives	2
unused	2
staring	2
wintry	2
bridegroom	2
whensoever	2
alien	2
excuses	2
sate	2
halt	2
augeae	2
scene	2
thirteenth	2
judgements	2
pipes	2
plagued	2
shared	2
vein	2
boils	2
zethus	2
separate	2
traces	2
natured	2
ringleaders	2
bared	2
melted	2
cretan	2
loyal	2
circles	2
scampered	2
slices	2
truce	2
lively	2
coat	2
protectest	2
arched	2
excellence	2
phaedimus	2
creditable	2
drunkenness	2
humbly	2
evenly	2
goldsmith	2
tumbling	2
clots	2
assuage	2
horseman	2
sneezed	2
liberal	2
rattle	2
abounds	2
mightily	2
juicy	2
concubine	2
pretence	2
rams	2
nightfall	2
stubbornly	2
raving	2
didst	2
scalded	2
undoing	2
flowery	2
cleopatra	2
populous	2
mastor	2
lighter	2
achelous	2
shine	2
affected	2
dryas	2
jumped	2
princely	2
glittered	2
amarynceus	2
miletus	2
mantius	2
ancaeus	2
stabled	2
cars	2
reclaimed	2
soothing	2
harassing	2
hew	2
confidently	2
halius	2
ordain	2
unperceived	2
flattery	2
rovers	2
echepolus	2
thenceforward	2
base	2
lookers	2
apisaon	2
smithy	2
dainty	2
shake	2
nurses	2
bough	2
purposely	2
pile	2
plaintive	2
flatter	2
tending	2
straining	2
wrapping	2
frequent	2
necklace	2
semele	2
messages	2
laerceus	2
begs	2
oechalian	2
epicaste	2
vagabond	2
stumble	2
beaked	2
accordingly	2
taloned	2
battlement	2
vaulted	2
cord	2
planed	2
hied	2
settling	2
thrashing	2
fleeter	2
workmanlike	2
diadem	2
pester	2
hostile	2
shaken	2
amaze	2
tricca	2
spleen	2
ossa	2
eleon	2
stunned	2
perfumed	2
sinned	2
trampled	2
bristling	2
murdered	2
written	2
dight	2
atymnius	2
fabric	2
hippodameia	2
cleverly	2
letter	2
aye	2
trippingly	2
halizoni	2
upbraiding	2
watchman	2
wedlock	2
wrinkles	2
woodman	2
stormer	2
ganymede	2
reality	2
elatus	2
authority	2
nireus	2
leaps	2
cuts	2
wonderfully	2
contemptuously	2
rhigmus	2
somewhat	2
washes	2
rarest	2
seldom	2
spiritless	2
tempest	2
stallion	2
loathing	2
ascania	2
boeotian	2
points	2
tumblers	2
availed	2
carve	2
fastening	2
handing	2
feathers	2
cruse	2
dears	2
noon	2
beset	2
gallops	2
breeding	2
handful	2
vulture	2
severity	2
marvellously	2
abundant	2
importunity	2
compunction	2
heels	2
pomp	2
eagles	2
racks	2
overlaid	2
gulls	2
style	2
withstood	2
contained	2
plane	2
judgment	2
merchandise	2
cheap	2
ravenously	2
ward	2
disobeyed	2
chimaera	2
smothered	2
excels	2
conferred	2
buckler	2
fiercest	2
backed	2
carelessness	2
contrary	2
erechtheus	2
pursuing	2
strewed	2
onion	2
seething	2
curbed	2
melting	2
resemble	2
lids	2
floated	2
phrontis	2
caeneus	2
honeyed	2
insists	2
arching	2
habit	2
hindered	2
sparrow	2
companionship	2
special	2
effort	2
shipboard	2
tires	2
larissa	2
yarn	2
laodameia	2
falsely	2
smitten	2
anxiously	2
ripens	2
forewarn	2
earnestly	2
flocked	2
pylartes	2
goodliest	2
requital	2
discourse	2
camping	2
unworthy	2
earshot	2
greeted	2
middlemost	2
difficulties	2
puppies	2
anticlus	2
stormy	2
comparable	2
expressly	2
consuming	2
upraised	2
readily	2
mow	2
ismarus	2
cherish	2
answering	2
contend	2
street	2
tityus	2
dig	2
immoderately	2
workwomen	2
reflecting	2
unwearied	2
eyesight	2
game	2
ephialtes	2
gyrae	2
mated	2
chiefest	2
usurp	2
villainy	2
braggarts	2
visiting	2
maera	2
rafter	2
eurynomus	2
amyntor	2
fades	2
imprisoned	2
cteatus	2
thud	2
impelled	2
believed	2
relentless	2
restrained	2
sawn	2
handfuls	2
drinks	2
periphetes	2
devoured	2
heaving	2
formed	2
wretches	2
nest	2
purified	2
aegyptius	2
moodily	2
echephron	2
betrayed	2
baying	2
groin	2
coiranus	2
corinth	2
ass	2
ancles	2
mingled	2
shielded	2
wooers	2
dedicated	2
mill	2
brightness	2
ghastly	2
boasts	2
strengthened	2
ribs	2
altogether	2
shadows	2
erichthonius	2
singleness	2
wickedly	2
wishing	2
pitying	2
prophecyings	2
breach	2
veils	2
unerring	2
inflamed	2
guess	2
kissing	2
conscience	2
droves	2
torments	2
disport	2
whine	2
physicians	2
mermerus	2
morys	2
vexed	2
gibes	2
weave	2
remounted	2
accustomed	2
consequence	2
hellenes	2
poison	2
brilliantly	2
bladder	2
amphius	2
reproaches	2
singed	2
merops	2
furtherance	2
capys	2
sunk	2
erymas	2
wildly	2
tender	2
list	2
homewards	2
craftily	2
enyo	2
cilla	2
careless	2
murdering	2
hatred	2
elephenor	2
obliged	2
push	2
